depth	parent	type	id	name	x	y	w	h	hidden
0		frame	710:253	Портфолио/Личный кабинет	10612	403	1440	3751	
1	710:253	frame	710:254	Header-Nav	0	0	1440	88	
2	710:254	frame	710:255	brand	32	32	381	24	
3	710:255	text	710:256	ДМИТРИЙ ДРУЖКОВ	0	0	171	24	
3	710:255	text	710:257	— ПРОДУКТОВЫЙ ДИЗАЙНЕР	179	2	202	20	
2	710:254	frame	710:258	Frame 49	963	24	445	40	
3	710:258	text	710:259	Обо мне	0	8	67	24	
3	710:258	text	710:260	Мои работы	99	8	96	24	
3	710:258	text	710:261	Контакты	227	8	75	24	
3	710:258	frame	710:262	Frame 50	334	0	111	40	
4	710:262	text	710:263	Связаться	16	8	79	24	
1	710:253	frame	710:264	sub-header-actions	0	88	1440	104	
2	710:264	frame	710:265	back-link	32	40	113	24	
3	710:265	text	710:266	← Мои работы	0	0	113	24	
2	710:264	frame	710:267	figma-button	1235	32	173	40	
3	710:267	frame	710:268	figma	18	12	16	16	
3	710:267	text	710:270	Открыть Figma ↗	42	10	113	20	
1	710:253	frame	710:271	Frame 60	0	192	1440	3559.156494140625	
2	710:271	frame	710:272	Hero-Block	0	0	1440	490	
3	710:272	frame	710:273	hero-left	32	67	671	292	
4	710:273	frame	710:274	title-wrapper	0	0	671	186	
5	710:274	text	710:275	04	0	0	26	24	
5	710:274	text	710:276	Личный кабинет сотрудника	0	32	671	154	
4	710:273	text	710:277	Многофункциональный кабинет сотрудника внутри корпоративного портала	0	210	671	24	
4	710:273	frame	710:278	Frame 28	0	258	403	34	
5	710:278	frame	710:279	Frame 27	0	0	126	34	
6	710:279	text	710:280	Product Design	17	9	92	16	
5	710:278	frame	710:281	Frame 28	134	0	131	34	
6	710:281	text	710:282	Design Systems	17	9	97	16	
5	710:278	frame	710:283	Frame 29	273	0	62	34	
6	710:283	text	710:284	Web	17	9	28	16	
5	710:278	frame	710:285	Frame 30	343	0	60	34	
6	710:285	text	710:286	B2B	17	9	26	16	
3	710:272	frame	710:287	hero-right	735	0	672	426	
4	710:287	rounded-rectangle	710:288	Rectangle	0	0	672	426	
2	710:271	frame	710:289	Section-Context	0	490	1440	477	
3	710:289	frame	710:290	context-left	32	118.5	672	240	
4	710:290	text	710:291	01	0	0	17	24	
4	710:290	text	710:292	Контекст	0	40	672	40	
4	710:290	text	710:293	Профиль создавался как часть многофункционального кабинета сотрудника внутри корпоративного портала. Его задача — собрать в одном месте информацию о сотруднике и связанные с ним рабочие сценарии, часть которых раньше была доступна в 1С. Требования к профилю формировались на основе user stories, собранных HR-аналитиками у руководителей разных уровней и рядовых сотрудников.	0	96	672	144	
3	710:289	frame	710:294	context-right	736	64	672	349	
4	710:294	frame	738:33805	cover	24	24	624	301	
5	738:33805	frame	738:33806	Профиль / Проекты	-18	-89.0692138671875	654	706.0484619140625	
6	738:33806	instance	738:33807	GRID	-296	-64	1176	3369	
6	738:33806	instance	738:33808	MIS	-160.6707305908203	-36.20762634277344	814.67138671875	66.3114242553711	
6	738:33806	instance	738:33809	Status compact	-0.5654483437538147	100.70244598388672	42.996543884277344	11.314879417419434	true
6	738:33806	frame	738:33810	Wrap	-149.35565185546875	47.5224609375	792.0416259765625	1186.353759765625	
7	738:33810	instance	738:33811	MIS/Title	0	0	629.1073608398438	32.577857971191406	
8	738:33811	frame	I738:33811;7881:25327	Link Content	0	0	629.1072998046875	18.10380744934082	true
8	738:33811	frame	I738:33811;6297:36399	Layout Content	0	0	629.1072998046875	19	
9	I738:33811;6297:36399	frame	I738:33811;6932:6951	Title Content	0	0	629.1072998046875	19	
10	I738:33811;6932:6951	frame	I738:33811;6906:48685	Title	0	0	629.1072998046875	19	
11	I738:33811;6906:48685	text	I738:33811;6297:36400	Заголовок главной раздела	0	0	629.1072998046875	19	
11	I738:33811;6906:48685	frame	I738:33811;7007:12062	Subtitile Content	0	22.629758834838867	629.1072998046875	22.629758834838867	true
11	I738:33811;6906:48685	frame	I738:33811;6297:38516	Info	0	22.629758834838867	476.3564453125	31.681663513183594	true
10	I738:33811;6932:6951	slot	I738:33811;6932:6964	Slot_BTN	581.01904296875	0	48.08823776245117	22.629758834838867	true
8	738:33811	frame	I738:33811;6297:36406	Табы	0	18.10380744934082	629.1072998046875	31.681663513183594	true
8	738:33811	instance	I738:33811;6952:20423	Spacing & Separator	0.000030517578125	19	629.1072998046875	13.577856063842773	
7	738:33810	frame	738:33812	layout	0	32.577857971191406	792.0416259765625	1135.672119140625	
8	738:33812	frame	738:33813	content	0	0	792.0416259765625	1093.990478515625	
9	738:33813	instance	738:33814	Navigation	0	0	149.35641479492188	579.3218383789062	
10	738:33814	slot	I738:33814;11755:57364	Slot_NavBar_Content	0	0	149.35641479492188	579.3218383789062	
11	I738:33814;11755:57364	instance	I738:33814;11755:57365	x/⚙️ NavbarItem	4.525951862335205	9.05190372467041	140.30450439453125	23.446369171142578	
11	I738:33814;11755:57364	instance	I738:33814;11755:58224	x/⚙️ NavbarItem	4.525951862335205	33.6297607421875	140.30450439453125	23.446369171142578	
11	I738:33814;11755:57364	instance	I738:33814;11755:57371	x/⚙️ NavbarItem	4.525951862335205	58.207618713378906	140.30450439453125	23.446369171142578	
11	I738:33814;11755:57364	instance	I738:33814;14689:57014	x/⚙️ NavbarItem	4.525951862335205	82.78547668457031	140.30450439453125	23.446369171142578	
11	I738:33814;11755:57364	instance	I738:33814;19957:31472	x/⚙️ NavbarItem	4.525951862335205	107.36333465576172	140.30450439453125	23.446369171142578	
11	I738:33814;11755:57364	instance	I738:33814;11755:57375	x/⚙️ NavbarItem	4.525951862335205	131.94119262695312	140.30450439453125	23.446369171142578	
11	I738:33814;11755:57364	instance	I738:33814;11755:57376	x/⚙️ NavbarItem	4.525951862335205	156.51904296875	140.30450439453125	33.44636917114258	
11	I738:33814;11755:57364	instance	I738:33814;11755:57369	x/⚙️ NavbarItem	4.525951862335205	191.09689331054688	140.30450439453125	23.446369171142578	
11	I738:33814;11755:57364	instance	I738:33814;11755:57378	x/⚙️ NavbarItem	4.525951862335205	215.67474365234375	140.30450439453125	23.446369171142578	
11	I738:33814;11755:57364	instance	I738:33814;18169:60921	x/⚙️ NavbarItem	4.525951862335205	240.25259399414062	140.30450439453125	23.446369171142578	
11	I738:33814;11755:57364	instance	I738:33814;11755:57367	x/⚙️ NavbarItem	4.525951862335205	264.8304443359375	140.30450439453125	23.446369171142578	
11	I738:33814;11755:57364	instance	I738:33814;11755:57368	x/⚙️ NavbarItem	4.525951862335205	289.4082946777344	140.30450439453125	23.446369171142578	
11	I738:33814;11755:57364	instance	I738:33814;11755:57372	x/⚙️ NavbarItem	4.525951862335205	313.98614501953125	140.30450439453125	23.446369171142578	
11	I738:33814;11755:57364	instance	I738:33814;11755:57373	x/⚙️ NavbarItem	4.525951862335205	338.5639953613281	140.30450439453125	23.446369171142578	
11	I738:33814;11755:57364	instance	I738:33814;11755:57379	x/⚙️ NavbarItem	0	341.7093505859375	149.35641479492188	22.629758834838867	true
11	I738:33814;11755:57364	instance	I738:33814;11755:57380	x/⚙️ NavbarItem	0	365.4706115722656	149.35641479492188	22.629758834838867	true
11	I738:33814;11755:57364	instance	I738:33814;11755:57381	x/⚙️ NavbarItem	0	389.23187255859375	149.35641479492188	22.629758834838867	true
11	I738:33814;11755:57364	instance	I738:33814;11755:57382	x/⚙️ NavbarItem	0	412.99310302734375	149.35641479492188	22.629758834838867	true
11	I738:33814;11755:57364	instance	I738:33814;11755:57383	x/⚙️ NavbarItem	0	436.7543640136719	149.35641479492188	22.629758834838867	true
11	I738:33814;11755:57364	instance	I738:33814;11755:57384	x/⚙️ NavbarItem	0	460.5155944824219	149.35641479492188	22.629758834838867	true
11	I738:33814;11755:57364	instance	I738:33814;11755:57385	x/⚙️ NavbarItem	0	484.27685546875	149.35641479492188	22.629758834838867	true
10	738:33814	slot	I738:33814;23909:11999	Slot_Footer_Content	0	514.8270263671875	149.35641479492188	64.49481201171875	true
10	738:33814	frame	I738:33814;11755:56321	Menu up	0	561.218017578125	149.35641479492188	18.10380744934082	true
10	738:33814	frame	I738:33814;11755:56323	shadow	144.4736328125	0	4.525951862335205	579	true
9	738:33813	frame	738:33815	left	162.93426513671875	0	200.839111328125	614.778564453125	
10	738:33815	instance	738:33816	user	0	0	200.839111328125	226.29759216308594	
10	738:33815	instance	738:33817	Отпуск	0	240.44119262695312	200.8390655517578	239.1488037109375	
10	738:33815	instance	738:33818	Достижения	0	493.73358154296875	200.8390655517578	121.04499053955078	
11	738:33818	frame	I738:33818;3994:32666	Frame 81514056	13.577856063842773	13.577856063842773	173.6833953857422	14	
12	I738:33818;3994:32666	text	I738:33818;2747:55967	Достижения	0	0	148.63148498535156	14	
12	I738:33818;3994:32666	text	I738:33818;5271:104842	0/3	157.6833953857422	0	16	14	
11	738:33818	instance	I738:33818;2747:55968	Spacing & Separator	13.57783317565918	27.577856063842773	173.6833953857422	13.577856063842773	
11	738:33818	slot	I738:33818;2747:55991	Slot_medal	13.57783317565918	41.15571212768555	173.6833953857422	40.73356628417969	
12	I738:33818;2747:55991	frame	I738:33818;2747:55974	Frame 81514025	0	0	173.6833953857422	40.73356628417969	
13	I738:33818;2747:55974	frame	I738:33818;4012:50585	1	0	0	40.73356628417969	40.73356628417969	
14	I738:33818;4012:50585	frame	I738:33818;4012:47267	no	-34.478515625	0	40.73356628417969	40.73356628417969	true
14	I738:33818;4012:50585	frame	I738:33818;4012:47808	yes	-0.000316619873046875	2.5727057745457416e-13	40.73356628417969	40.73356628417969	
15	I738:33818;4012:47808	rounded-rectangle	I738:33818;4044:55339	light-source-top-left-winner-s-medal--number-one-g 1	-0.14143599569797516	0	39.60207748413086	40.73356628417969	
13	I738:33818;2747:55974	frame	I738:33818;4012:51094	2	44.31660842895508	0	40.73356628417969	40.73356628417969	
14	I738:33818;4012:51094	frame	I738:33818;4012:48286	no	10.796100616455078	0	40.73356628417969	40.73356628417969	true
14	I738:33818;4012:51094	frame	I738:33818;4012:48764	yes	44.31643295288086	0	40.73356628417969	40.73356628417969	
15	I738:33818;4012:48764	rounded-rectangle	I738:33818;4044:45139	glowing-light-bulb--idea---the-light-source-comes- 1	0.2828719913959503	0	40.73356628417969	40.73356628417969	
13	I738:33818;2747:55974	frame	I738:33818;4044:46322	3	88.63321685791016	0	40.73356628417969	40.73356628417969	
14	I738:33818;4044:46322	frame	I738:33818;4044:46323	yes	88.63331985473633	0	40.73356628417969	40.73356628417969	
15	I738:33818;4044:46323	rounded-rectangle	I738:33818;4044:47019	medal-best-award-winner-icon-3d-cup 1	-0.44357872009277344	-0.36678338050842285	40.73356628417969	40.73356628417969	
14	I738:33818;4044:46322	frame	I738:33818;4044:46325	no	122.36856842041016	0	40.73356628417969	40.73356628417969	true
13	I738:33818;2747:55974	frame	I738:33818;10403:69891	4	132.9498291015625	0	40.73356628417969	40.73356628417969	
14	I738:33818;10403:69891	frame	I738:33818;10403:68084	yes	132.9498291015625	0	40.73356628417969	40.73356628417969	
15	I738:33818;10403:68084	rounded-rectangle	I738:33818;10472:69101	one-gold-coin-with-a-ruble-symbol-is-floating-in-t 1	0	0	40.73356628417969	40.73356628417969	true
15	I738:33818;10403:68084	rounded-rectangle	I738:33818;10473:70434	three-gold-coins-with-a-ruble-symbol-are-floating- 1	0	0	40.73356628417969	40.73356628417969	
14	I738:33818;10403:69891	frame	I738:33818;10403:70692	no	132.9498291015625	0	40.73356628417969	40.73356628417969	true
13	I738:33818;2747:55974	frame	I738:33818;10472:67970	_4	132.9498291015625	0	40.73356628417969	40.73356628417969	true
14	I738:33818;10472:67970	frame	I738:33818;10472:67971	yes	132.9498291015625	0	40.73356628417969	40.73356628417969	true
14	I738:33818;10472:67970	frame	I738:33818;10472:67973	no	132.9498291015625	0	40.73356628417969	40.73356628417969	
15	I738:33818;10472:67973	rounded-rectangle	I738:33818;10472:67974	---------------------------------------------------2 1	-2.6400973796844482	-1.9800732135772705	46.57958984375	46.57958984375	
13	I738:33818;2747:55974	instance	I738:33818;2765:27471	Tooltip	66.3505859375	-24.8927001953125	85.42733764648438	22.629758834838867	true
12	I738:33818;2747:55991	frame	I738:33818;2747:55986	Frame 81514025	0	44.128028869628906	173.6833953857422	39.60207748413086	true
11	738:33818	frame	I738:33818;4044:52209	Frame 81514064	13.57783317565918	81.8892822265625	173.6833953857422	25.577856063842773	
12	I738:33818;4044:52209	instance	I738:33818;4044:48150	Spacing & Separator	0	0	173.6833953857422	13.577856063842773	
12	I738:33818;4044:52209	instance	I738:33818;4044:47085	Link	0	13.577856063842773	47	12	
9	738:33813	frame	738:33819	right	377.3512268066406	0	414.69036865234375	1093.990478515625	
10	738:33819	instance	738:33820	about	0	0	414.6903381347656	347.8823547363281	
11	738:33820	frame	I738:33820;2747:36940	Header	13.577856063842773	13.577856063842773	387.5346374511719	67.0519027709961	
12	I738:33820;2747:36940	frame	I738:33820;2747:36941	Title Container	0	0	387.5346374511719	67.0519027709961	
13	I738:33820;2747:36941	frame	I738:33820;2747:36942	Title	0	0	387.5346374511719	41.52595138549805	
14	I738:33820;2747:36942	frame	I738:33820;5026:41543	статус	0	0	112.58305358886719	13.577856063842773	true
14	I738:33820;2747:36942	text	I738:33820;2747:36943	Семиглазова Кристина Игоревна	0	0	387.5346374511719	14	
14	I738:33820;2747:36942	frame	I738:33820;3777:44253	Job title	0	16.262975692749023	387.5346374511719	25.262975692749023	
15	I738:33820;3777:44253	frame	I738:33820;3777:43572	должность	0	0	387.5346374511719	25.262975692749023	
16	I738:33820;3777:43572	text	I738:33820;3777:43475	Старший аналитик	0	0	387.5346374511719	11	
16	I738:33820;3777:43572	text	I738:33820;3606:29755	Расчетно-сметное управление	0	13.262975692749023	387.5346374511719	12	
15	I738:33820;3777:44253	instance	I738:33820;3777:44414	⚙️ Buttons	310.59344482421875	0	76.9411849975586	18.10380744934082	true
13	I738:33820;2747:36941	frame	I738:33820;2747:36946	Road  Container	0	41.52595138549805	387.5346374511719	25.525951385498047	
14	I738:33820;2747:36946	instance	I738:33820;2747:36947	Spacing & Separator	0	0	387.5346374511719	4.525951862335205	
14	I738:33820;2747:36946	text	I738:33820;2824:68927	ГК СТРАНА Девелопмент / Блок «Строительство» / Департамент обеспечения строительного производства	0	4.525951862335205	387.5346374511719	21	
13	I738:33820;2747:36941	frame	I738:33820;2769:75309	И.О.  Container	0	64.49481201171875	387.5346374511719	65.62630462646484	true
11	738:33820	instance	I738:33820;2747:55939	Spacing & Separator	13.577856063842773	80.6297607421875	387.5346374511719	27.155712127685547	
11	738:33820	frame	I738:33820;2747:55920	инфо	13.577856063842773	107.78547668457031	387.5346374511719	202.94117736816406	
12	I738:33820;2747:55920	frame	I738:33820;2747:55872	row	0	0	387.5346374511719	27.525951385498047	
13	I738:33820;2747:55872	instance	I738:33820;2781:90044	Definition list	0	0	186.9783935546875	27.525951385498047	
13	I738:33820;2747:55872	instance	I738:33820;2781:90422	Definition list	200.55624389648438	0	186.9783935546875	27.525951385498047	
12	I738:33820;2747:55920	frame	I738:33820;2781:90807	row	0	41.10380554199219	387.5346374511719	27.525951385498047	
13	I738:33820;2781:90807	instance	I738:33820;2781:90808	Definition list	0	0	186.9783935546875	27.525951385498047	
13	I738:33820;2781:90807	instance	I738:33820;2781:90809	Definition list	200.55624389648438	0	186.9783935546875	27.525951385498047	
12	I738:33820;2747:55920	frame	I738:33820;2781:91865	row	0	82.20761108398438	387.5346374511719	27.525951385498047	
13	I738:33820;2781:91865	instance	I738:33820;10266:68190	Definition list	0	0	186.9783935546875	27.525951385498047	
13	I738:33820;2781:91865	instance	I738:33820;11234:68177	Definition list	200.55624389648438	0	186.9783935546875	27.525951385498047	
12	I738:33820;2747:55920	frame	I738:33820;2781:93147	row	0	123.31141662597656	387.5346374511719	27.525951385498047	
13	I738:33820;2781:93147	instance	I738:33820;11234:69214	Definition list	0	0	186.9783935546875	27.525951385498047	
14	I738:33820;11234:69214	instance	I738:33820;11234:69214;1093:61378	Left	0	0	42.996543884277344	36.20761489868164	true
14	I738:33820;11234:69214	frame	I738:33820;11234:69214;1093:61379	Wrapper	0	0	186.9783935546875	27.525951385498047	
15	I738:33820;11234:69214;1093:61379	instance	I738:33820;11234:69214;1093:61380	Spacing & Separator	0	0	194.05018615722656	9.05190372467041	true
15	I738:33820;11234:69214;1093:61379	frame	I738:33820;11234:69214;1093:61381	Content Layout	0	0	186.9783935546875	27.525951385498047	
16	I738:33820;11234:69214;1093:61381	instance	I738:33820;11234:69214;8165:14578	Table Item	0	0	186.9783935546875	27.525951385498047	
17	I738:33820;11234:69214;8165:14578	instance	I738:33820;11234:69214;8165:14578;1093:62193	⚙️ Label	0	0	186.9783935546875	11	
17	I738:33820;11234:69214;8165:14578	text	I738:33820;11234:69214;8165:14578;1093:61521	Text	0	14.709343910217285	166.89447021484375	12	true
17	I738:33820;11234:69214;8165:14578	slot	I738:33820;11234:69214;8165:14578;25098:2610	Slot_Content	0	15.525951385498047	186.9783935546875	12	
18	I738:33820;11234:69214;8165:14578;25098:2610	frame	I738:33820;11234:69214;8165:14578;711:14123	Frame 81514110	0	0	186.9783935546875	12	
19	I738:33820;11234:69214;8165:14578;711:14123	text	I738:33820;11234:69214;8165:14578;711:14124	Text	0	0	53	12	
19	I738:33820;11234:69214;8165:14578;711:14123	instance	I738:33820;11234:69214;8165:14578;711:14125	info circle	55.262977600097656	0	11.314879417419434	11.314879417419434	
16	I738:33820;11234:69214;1093:61381	instance	I738:33820;11234:69214;1093:61383	Right	175.94638061523438	0.5657439827919006	18.10380744934082	24.89273452758789	true
15	I738:33820;11234:69214;1093:61379	instance	I738:33820;11234:69214;1093:61384	Spacing & Separator	0	26.02422332763672	194.05018615722656	9.05190372467041	true
13	I738:33820;2781:93147	instance	I738:33820;11234:67660	Definition list	200.55624389648438	0	186.9783935546875	27.525951385498047	
12	I738:33820;2747:55920	frame	I738:33820;11180:60143	row	0	164.41522216796875	387.5346374511719	38.52595138549805	
13	I738:33820;11180:60143	instance	I738:33820;11234:68694	Definition list	0	0	186.9783935546875	27.525951385498047	
13	I738:33820;11180:60143	instance	I738:33820;11232:76745	Definition list	200.55624389648438	0	186.9783935546875	38.52595138549805	
11	738:33820	instance	I738:33820;2783:114388	Spacing & Separator	13.577856063842773	310.7266540527344	387.5346374511719	13.577856063842773	
11	738:33820	instance	I738:33820;2783:113548	Link	13.577856063842773	324.30450439453125	46.31488037109375	10	
10	738:33819	frame	738:33821	Frame 81514027	0	361.460205078125	414.69036865234375	732.5302124023438	
11	738:33821	instance	738:33822	⚙️Accordion	0	0	414.69036865234375	41.15571212768555	
11	738:33821	instance	738:33933	⚙️Accordion	0	54.73356628417969	414.69036865234375	513.595947265625	
12	738:33933	frame	I738:33933;1028:54957	Title Layout	13.577850341796875	13.577856063842773	387.53466796875	14	
13	I738:33933;1028:54957	frame	I738:33933;1028:54976	Title Content	0	0	364.9049072265625	14	
14	I738:33933;1028:54976	instance	I738:33933;1028:55029	Outline / crossing-directions square	0	0	13.577856063842773	13.577856063842773	true
14	I738:33933;1028:54976	frame	I738:33933;1028:56363	Title Container	0	0	364.9049072265625	14	
15	I738:33933;1028:56363	text	I738:33933;1028:54958	Title	0	0	364.9049072265625	14	
15	I738:33933;1028:56363	text	I738:33933;1028:56372	Subtitle	0	15.840831756591797	384.7059020996094	11	true
15	I738:33933;1028:56363	frame	I738:33933;10929:18934	Summary Container	0	28.287199020385742	393.7578125	24.89273452758789	true
15	I738:33933;1028:56363	instance	I738:33933;1034:9469	Status	0	28.287199020385742	39.03633499145508	13.577856063842773	true
15	I738:33933;1028:56363	instance	I738:33933;1034:9470	⚙️ Tags	0	28.287199020385742	22.064014434814453	13.577856063842773	true
13	I738:33933;1028:54957	instance	I738:33933;1028:54959	Arrow Up	373.9568176269531	0.21107196807861328	13.577856063842773	13.577856063842773	
12	738:33933	frame	I738:33933;1028:54960	Content	13.577850341796875	27.577856063842773	387.53466796875	472.4402160644531	
13	I738:33933;1028:54960	instance	I738:33933;1028:54961	Spacing & Separator	0	0	387.53466796875	13.577856063842773	
13	I738:33933;1028:54960	slot	I738:33933;23896:4967	Slot_Content	0	13.577856063842773	387.53466796875	458.86236572265625	
14	I738:33933;23896:4967	instance	I738:33933;23896:4967;738:33932	проекты	0	0	385.9726257324219	458.86236572265625	
15	I738:33933;23896:4967;738:33932	slot	I738:33933;23896:4967;738:33932;2793:131360	Slot	0	0	385.97265625	448.86236572265625	
16	I738:33933;23896:4967;738:33932;2793:131360	frame	I738:33933;23896:4967;738:33932;2793:131360;738:33825	Frame 81514008	0	0	385.9727478027344	30.030839920043945	
17	I738:33933;23896:4967;738:33932;2793:131360;738:33825	text	I738:33933;23896:4967;738:33932;2793:131360;738:33826	Все: 23	13.523130416870117	9.015419960021973	31	12	
17	I738:33933;23896:4967;738:33932;2793:131360;738:33825	instance	I738:33933;23896:4967;738:33932;2793:131360;738:33827	⚙️ Switch	58.0462646484375	9.015419960021973	103.67728424072266	12	
16	I738:33933;23896:4967;738:33932;2793:131360	instance	I738:33933;23896:4967;738:33932;2793:131360;738:33828	Spacing & Separator	0	30.030839920043945	385.97265625	13.523130416870117	
16	I738:33933;23896:4967;738:33932;2793:131360	frame	I738:33933;23896:4967;738:33932;2793:131360;738:33829	item	0	43.55397033691406	385.9727478027344	63.03083801269531	
17	I738:33933;23896:4967;738:33932;2793:131360;738:33829	frame	I738:33933;23896:4967;738:33932;2793:131360;738:33830	Frame 81514036	0	0	322.86480712890625	63.03083801269531	
18	I738:33933;23896:4967;738:33932;2793:131360;738:33830	instance	I738:33933;23896:4967;738:33932;2793:131360;738:33831	Status	0	0	50.52313232421875	14.507709503173828	
18	I738:33933;23896:4967;738:33932;2793:131360;738:33830	instance	I738:33933;23896:4967;738:33932;2793:131360;738:33832	Spacing & Separator	0	14.507709503173828	322.8647155761719	4.507709980010986	
18	I738:33933;23896:4967;738:33932;2793:131360;738:33830	text	I738:33933;23896:4967;738:33932;2793:131360;738:33833	name 1	0	19.015419006347656	322.86480712890625	14	
18	I738:33933;23896:4967;738:33932;2793:131360;738:33830	instance	I738:33933;23896:4967;738:33932;2793:131360;738:33834	Spacing & Separator	0	33.015419006347656	322.8647155761719	2.253854990005493	
18	I738:33933;23896:4967;738:33932;2793:131360;738:33830	frame	I738:33933;23896:4967;738:33932;2793:131360;738:33835	Frame 81514035	0	35.2692756652832	322.86480712890625	11	
19	I738:33933;23896:4967;738:33932;2793:131360;738:33835	text	I738:33933;23896:4967;738:33932;2793:131360;738:33836	Body 1	0	0	96	11	
19	I738:33933;23896:4967;738:33932;2793:131360;738:33835	text	I738:33933;23896:4967;738:33932;2793:131360;738:33837	Body 1	105.01541900634766	0	70	11	
18	I738:33933;23896:4967;738:33932;2793:131360;738:33830	instance	I738:33933;23896:4967;738:33932;2793:131360;738:33838	Spacing & Separator	0	46.2692756652832	322.8647155761719	6.761565208435059	
18	I738:33933;23896:4967;738:33932;2793:131360;738:33830	text	I738:33933;23896:4967;738:33932;2793:131360;738:33839	Body 1	0	53.03084182739258	322.86480712890625	10	
17	I738:33933;23896:4967;738:33932;2793:131360;738:33829	frame	I738:33933;23896:4967;738:33932;2793:131360;738:33840	Frame 3619	336.387939453125	13.484579086303711	36.06167984008789	36.06167984008789	
18	I738:33933;23896:4967;738:33932;2793:131360;738:33840	ellipse	I738:33933;23896:4967;738:33932;2793:131360;738:33841	Ellipse 3	4.5076189041137695	4.507704734802246	27.046260833740234	27.046260833740234	
18	I738:33933;23896:4967;738:33932;2793:131360;738:33840	ellipse	I738:33933;23896:4967;738:33932;2793:131360;738:33842	Ellipse 3	4.5076189041137695	4.507704734802246	27.046260833740234	27.046260833740234	
18	I738:33933;23896:4967;738:33932;2793:131360;738:33840	text	I738:33933;23896:4967;738:33932;2793:131360;738:33843	name 1	7.324997901916504	12.396191596984863	21	11	
17	I738:33933;23896:4967;738:33932;2793:131360;738:33829	frame	I738:33933;23896:4967;738:33932;2793:131360;738:33844	Frame 3619	349.9109191894531	11.83272647857666	36.06167984008789	36.06167984008789	true
16	I738:33933;23896:4967;738:33932;2793:131360	instance	I738:33933;23896:4967;738:33932;2793:131360;738:33848	Spacing & Separator	0	106.58480834960938	385.97265625	18.030839920043945	
16	I738:33933;23896:4967;738:33932;2793:131360	frame	I738:33933;23896:4967;738:33932;2793:131360;738:33849	item	0	124.61564636230469	385.9727478027344	63.03083801269531	
17	I738:33933;23896:4967;738:33932;2793:131360;738:33849	frame	I738:33933;23896:4967;738:33932;2793:131360;738:33850	Frame 81514036	0	0	322.86480712890625	63.03083801269531	
18	I738:33933;23896:4967;738:33932;2793:131360;738:33850	instance	I738:33933;23896:4967;738:33932;2793:131360;738:33851	Status	0	0	46.52313232421875	14.507709503173828	
18	I738:33933;23896:4967;738:33932;2793:131360;738:33850	instance	I738:33933;23896:4967;738:33932;2793:131360;738:33852	Spacing & Separator	0	14.507709503173828	322.8647155761719	4.507709980010986	
18	I738:33933;23896:4967;738:33932;2793:131360;738:33850	text	I738:33933;23896:4967;738:33932;2793:131360;738:33853	name 1	0	19.015419006347656	322.86480712890625	14	
18	I738:33933;23896:4967;738:33932;2793:131360;738:33850	instance	I738:33933;23896:4967;738:33932;2793:131360;738:33854	Spacing & Separator	0	33.015419006347656	322.8647155761719	2.253854990005493	
18	I738:33933;23896:4967;738:33932;2793:131360;738:33850	frame	I738:33933;23896:4967;738:33932;2793:131360;738:33855	Frame 81514035	0	35.2692756652832	322.86480712890625	11	
19	I738:33933;23896:4967;738:33932;2793:131360;738:33855	text	I738:33933;23896:4967;738:33932;2793:131360;738:33856	Body 1	0	0	96	11	
19	I738:33933;23896:4967;738:33932;2793:131360;738:33855	frame	I738:33933;23896:4967;738:33932;2793:131360;738:33857	Frame 81514073	105.01541900634766	0	59.2692756652832	10	
20	I738:33933;23896:4967;738:33932;2793:131360;738:33857	text	I738:33933;23896:4967;738:33932;2793:131360;738:33858	Body 1	0	0	48	11	true
20	I738:33933;23896:4967;738:33932;2793:131360;738:33857	instance	I738:33933;23896:4967;738:33932;2793:131360;738:33859	Link	0	0	59.2692756652832	10	
18	I738:33933;23896:4967;738:33932;2793:131360;738:33850	instance	I738:33933;23896:4967;738:33932;2793:131360;738:33860	Spacing & Separator	0	46.2692756652832	322.8647155761719	6.761565208435059	
18	I738:33933;23896:4967;738:33932;2793:131360;738:33850	text	I738:33933;23896:4967;738:33932;2793:131360;738:33861	Body 1	0	53.03084182739258	322.86480712890625	10	
17	I738:33933;23896:4967;738:33932;2793:131360;738:33849	frame	I738:33933;23896:4967;738:33932;2793:131360;738:33862	Frame 3619	336.387939453125	13.484579086303711	36.06167984008789	36.06167984008789	
18	I738:33933;23896:4967;738:33932;2793:131360;738:33862	ellipse	I738:33933;23896:4967;738:33932;2793:131360;738:33863	Ellipse 3	4.5076189041137695	4.507737159729004	27.046260833740234	27.046260833740234	
18	I738:33933;23896:4967;738:33932;2793:131360;738:33862	ellipse	I738:33933;23896:4967;738:33932;2793:131360;738:33864	Ellipse 3	4.5076189041137695	4.507737159729004	27.046260833740234	27.046260833740234	
18	I738:33933;23896:4967;738:33932;2793:131360;738:33862	text	I738:33933;23896:4967;738:33932;2793:131360;738:33865	name 1	10.14228630065918	12.959692001342773	16	11	
17	I738:33933;23896:4967;738:33932;2793:131360;738:33849	frame	I738:33933;23896:4967;738:33932;2793:131360;738:33866	Frame 3619	349.9109191894531	11.832728385925293	36.06167984008789	36.06167984008789	true
16	I738:33933;23896:4967;738:33932;2793:131360	instance	I738:33933;23896:4967;738:33932;2793:131360;738:33870	Spacing & Separator	0	187.646484375	385.97265625	18.030839920043945	
16	I738:33933;23896:4967;738:33932;2793:131360	frame	I738:33933;23896:4967;738:33932;2793:131360;738:33871	item	0	205.6773223876953	385.9727478027344	63.03083801269531	
17	I738:33933;23896:4967;738:33932;2793:131360;738:33871	frame	I738:33933;23896:4967;738:33932;2793:131360;738:33872	Frame 81514036	0	0	322.86480712890625	63.03083801269531	
18	I738:33933;23896:4967;738:33932;2793:131360;738:33872	instance	I738:33933;23896:4967;738:33932;2793:131360;738:33873	Status	0	0	63.52313232421875	14.507709503173828	
18	I738:33933;23896:4967;738:33932;2793:131360;738:33872	instance	I738:33933;23896:4967;738:33932;2793:131360;738:33874	Spacing & Separator	0	14.507709503173828	322.8647155761719	4.507709980010986	
18	I738:33933;23896:4967;738:33932;2793:131360;738:33872	text	I738:33933;23896:4967;738:33932;2793:131360;738:33875	name 1	0	19.015419006347656	322.86480712890625	14	
18	I738:33933;23896:4967;738:33932;2793:131360;738:33872	instance	I738:33933;23896:4967;738:33932;2793:131360;738:33876	Spacing & Separator	0	33.015419006347656	322.8647155761719	2.253854990005493	
18	I738:33933;23896:4967;738:33932;2793:131360;738:33872	frame	I738:33933;23896:4967;738:33932;2793:131360;738:33877	Frame 81514035	0	35.2692756652832	322.86480712890625	11	
19	I738:33933;23896:4967;738:33932;2793:131360;738:33877	text	I738:33933;23896:4967;738:33932;2793:131360;738:33878	Body 1	0	0	96	11	
19	I738:33933;23896:4967;738:33932;2793:131360;738:33877	text	I738:33933;23896:4967;738:33932;2793:131360;738:33879	Body 1	105.01541900634766	0	33	11	
18	I738:33933;23896:4967;738:33932;2793:131360;738:33872	instance	I738:33933;23896:4967;738:33932;2793:131360;738:33880	Spacing & Separator	0	46.2692756652832	322.8647155761719	6.761565208435059	
18	I738:33933;23896:4967;738:33932;2793:131360;738:33872	text	I738:33933;23896:4967;738:33932;2793:131360;738:33881	Body 1	0	53.03084182739258	322.86480712890625	10	
17	I738:33933;23896:4967;738:33932;2793:131360;738:33871	frame	I738:33933;23896:4967;738:33932;2793:131360;738:33882	Frame 3619	336.387939453125	13.484579086303711	36.06167984008789	36.06167984008789	
18	I738:33933;23896:4967;738:33932;2793:131360;738:33882	ellipse	I738:33933;23896:4967;738:33932;2793:131360;738:33883	Ellipse 3	4.5076189041137695	4.507788181304932	27.046260833740234	27.046260833740234	
18	I738:33933;23896:4967;738:33932;2793:131360;738:33882	ellipse	I738:33933;23896:4967;738:33932;2793:131360;738:33884	Ellipse 3	4.5076189041137695	4.507788181304932	27.046260833740234	27.046260833740234	true
18	I738:33933;23896:4967;738:33932;2793:131360;738:33882	text	I738:33933;23896:4967;738:33932;2793:131360;738:33885	name 1	12.396249771118164	12.959728240966797	11	11	
17	I738:33933;23896:4967;738:33932;2793:131360;738:33871	frame	I738:33933;23896:4967;738:33932;2793:131360;738:33886	Frame 3619	349.9109191894531	11.832809448242188	36.06167984008789	36.06167984008789	true
16	I738:33933;23896:4967;738:33932;2793:131360	instance	I738:33933;23896:4967;738:33932;2793:131360;738:33890	Spacing & Separator	0	268.7081604003906	385.97265625	18.030839920043945	
16	I738:33933;23896:4967;738:33932;2793:131360	frame	I738:33933;23896:4967;738:33932;2793:131360;738:33891	item	0	286.739013671875	385.9727478027344	63.03083801269531	
17	I738:33933;23896:4967;738:33932;2793:131360;738:33891	frame	I738:33933;23896:4967;738:33932;2793:131360;738:33892	Frame 81514036	0	0	322.86480712890625	63.03083801269531	
18	I738:33933;23896:4967;738:33932;2793:131360;738:33892	instance	I738:33933;23896:4967;738:33932;2793:131360;738:33893	Status	0	0	62.52313232421875	14.507709503173828	
18	I738:33933;23896:4967;738:33932;2793:131360;738:33892	instance	I738:33933;23896:4967;738:33932;2793:131360;738:33894	Spacing & Separator	0	14.507709503173828	322.8647155761719	4.507709980010986	
18	I738:33933;23896:4967;738:33932;2793:131360;738:33892	text	I738:33933;23896:4967;738:33932;2793:131360;738:33895	name 1	0	19.015419006347656	322.86480712890625	14	
18	I738:33933;23896:4967;738:33932;2793:131360;738:33892	instance	I738:33933;23896:4967;738:33932;2793:131360;738:33896	Spacing & Separator	0	33.015419006347656	322.8647155761719	2.253854990005493	
18	I738:33933;23896:4967;738:33932;2793:131360;738:33892	frame	I738:33933;23896:4967;738:33932;2793:131360;738:33897	Frame 81514035	0	35.2692756652832	322.86480712890625	11	
19	I738:33933;23896:4967;738:33932;2793:131360;738:33897	text	I738:33933;23896:4967;738:33932;2793:131360;738:33898	Body 1	0	0	96	11	
19	I738:33933;23896:4967;738:33932;2793:131360;738:33897	text	I738:33933;23896:4967;738:33932;2793:131360;738:33899	Body 1	105.01541900634766	0	70	11	
18	I738:33933;23896:4967;738:33932;2793:131360;738:33892	instance	I738:33933;23896:4967;738:33932;2793:131360;738:33900	Spacing & Separator	0	46.2692756652832	322.8647155761719	6.761565208435059	
18	I738:33933;23896:4967;738:33932;2793:131360;738:33892	text	I738:33933;23896:4967;738:33932;2793:131360;738:33901	Body 1	0	53.03084182739258	322.86480712890625	10	
17	I738:33933;23896:4967;738:33932;2793:131360;738:33891	frame	I738:33933;23896:4967;738:33932;2793:131360;738:33902	Frame 3619	336.387939453125	13.484579086303711	36.06167984008789	36.06167984008789	
18	I738:33933;23896:4967;738:33932;2793:131360;738:33902	ellipse	I738:33933;23896:4967;738:33932;2793:131360;738:33903	Ellipse 3	4.5076189041137695	4.5076727867126465	27.046260833740234	27.046260833740234	
18	I738:33933;23896:4967;738:33932;2793:131360;738:33902	ellipse	I738:33933;23896:4967;738:33932;2793:131360;738:33904	Ellipse 3	4.5076189041137695	4.5076727867126465	27.046260833740234	27.046260833740234	
18	I738:33933;23896:4967;738:33932;2793:131360;738:33902	text	I738:33933;23896:4967;738:33932;2793:131360;738:33905	name 1	10.14228630065918	12.95959758758545	16	11	
17	I738:33933;23896:4967;738:33932;2793:131360;738:33891	frame	I738:33933;23896:4967;738:33932;2793:131360;738:33906	Frame 3619	349.9109191894531	11.832755088806152	36.06167984008789	36.06167984008789	true
16	I738:33933;23896:4967;738:33932;2793:131360	instance	I738:33933;23896:4967;738:33932;2793:131360;738:33910	Spacing & Separator	0	349.76983642578125	385.97265625	18.030839920043945	
16	I738:33933;23896:4967;738:33932;2793:131360	frame	I738:33933;23896:4967;738:33932;2793:131360;738:33911	item	0	367.8006896972656	385.9727478027344	63.03083801269531	
17	I738:33933;23896:4967;738:33932;2793:131360;738:33911	frame	I738:33933;23896:4967;738:33932;2793:131360;738:33912	Frame 81514036	0	0	322.86480712890625	63.03083801269531	
18	I738:33933;23896:4967;738:33932;2793:131360;738:33912	instance	I738:33933;23896:4967;738:33932;2793:131360;738:33913	Status	0	0	62.52313232421875	14.507709503173828	
18	I738:33933;23896:4967;738:33932;2793:131360;738:33912	instance	I738:33933;23896:4967;738:33932;2793:131360;738:33914	Spacing & Separator	0	14.507709503173828	322.8647155761719	4.507709980010986	
18	I738:33933;23896:4967;738:33932;2793:131360;738:33912	text	I738:33933;23896:4967;738:33932;2793:131360;738:33915	name 1	0	19.015419006347656	322.86480712890625	14	
18	I738:33933;23896:4967;738:33932;2793:131360;738:33912	instance	I738:33933;23896:4967;738:33932;2793:131360;738:33916	Spacing & Separator	0	33.015419006347656	322.8647155761719	2.253854990005493	
18	I738:33933;23896:4967;738:33932;2793:131360;738:33912	frame	I738:33933;23896:4967;738:33932;2793:131360;738:33917	Frame 81514035	0	35.2692756652832	322.86480712890625	11	
19	I738:33933;23896:4967;738:33932;2793:131360;738:33917	text	I738:33933;23896:4967;738:33932;2793:131360;738:33918	Body 1	0	0	96	11	
19	I738:33933;23896:4967;738:33932;2793:131360;738:33917	text	I738:33933;23896:4967;738:33932;2793:131360;738:33919	Body 1	105.01541900634766	0	70	11	
18	I738:33933;23896:4967;738:33932;2793:131360;738:33912	instance	I738:33933;23896:4967;738:33932;2793:131360;738:33920	Spacing & Separator	0	46.2692756652832	322.8647155761719	6.761565208435059	
18	I738:33933;23896:4967;738:33932;2793:131360;738:33912	text	I738:33933;23896:4967;738:33932;2793:131360;738:33921	Body 1	0	53.03084182739258	322.86480712890625	10	
17	I738:33933;23896:4967;738:33932;2793:131360;738:33911	frame	I738:33933;23896:4967;738:33932;2793:131360;738:33922	Frame 3619	336.387939453125	13.484579086303711	36.06167984008789	36.06167984008789	
18	I738:33933;23896:4967;738:33932;2793:131360;738:33922	ellipse	I738:33933;23896:4967;738:33932;2793:131360;738:33923	Ellipse 3	4.5076189041137695	4.507693767547607	27.046260833740234	27.046260833740234	
18	I738:33933;23896:4967;738:33932;2793:131360;738:33922	ellipse	I738:33933;23896:4967;738:33932;2793:131360;738:33924	Ellipse 3	4.5076189041137695	4.507693767547607	27.046260833740234	27.046260833740234	
18	I738:33933;23896:4967;738:33932;2793:131360;738:33922	text	I738:33933;23896:4967;738:33932;2793:131360;738:33925	name 1	10.14228630065918	12.95967960357666	16	11	
17	I738:33933;23896:4967;738:33932;2793:131360;738:33911	frame	I738:33933;23896:4967;738:33932;2793:131360;738:33926	Frame 3619	349.9109191894531	11.832715034484863	36.06167984008789	36.06167984008789	true
16	I738:33933;23896:4967;738:33932;2793:131360	instance	I738:33933;23896:4967;738:33932;2793:131360;738:33930	Scrollbar	380.33294677734375	38.31544876098633	5.634637355804443	359.4898681640625	true
16	I738:33933;23896:4967;738:33932;2793:131360	instance	I738:33933;23896:4967;738:33932;2793:131360;738:33931	Spacing & Separator	0	430.83154296875	385.97265625	18.030839920043945	
15	I738:33933;23896:4967;738:33932	instance	I738:33933;23896:4967;738:33932;2793:131491	⚙️ Empty	0	431.61322021484375	385.97265625	99.16961669921875	true
15	I738:33933;23896:4967;738:33932	instance	I738:33933;23896:4967;738:33932;5053:63505	Link	0	448.86236572265625	62.2692756652832	10	
11	738:33821	instance	738:33934	⚙️Accordion	0	581.9074096679688	414.69036865234375	41.15571212768555	
11	738:33821	instance	738:33935	⚙️Accordion	0	636.6409912109375	414.69036865234375	41.15571212768555	
11	738:33821	instance	738:33936	⚙️Accordion	0	691.3745727539062	414.69036865234375	41.15571212768555	
8	738:33812	instance	738:33937	MIS / Footer	0	1107.568359375	629.1073608398438	28.10380744934082	
2	710:271	frame	710:296	Section-Done	0	967	1440	424	
3	710:296	frame	710:297	done-left	32	52	672	256	
4	710:297	text	710:298	02	0	0	20	24	
4	710:297	text	710:299	От требований к структуре	0	40	672	40	
4	710:297	text	710:300	На основе собранных требований сформировал информационную структуру профиля и начал прорабатывать ключевые сценарии. В процессе проектирования от руководителей поступили новые вводные, которые существенно изменили приоритеты. Вместо адаптации первоначального решения пересобрал концепцию профиля с учётом новых данных.	0	96	672	120	
4	710:297	text	711:26444	Новые требования изменили структуру и приоритеты информации в профиле.	0	232	672	24	
3	710:296	frame	711:24841	arch-right	736	0	672	360	
4	711:24841	frame	711:24842	Frame 81514030	24	24	624	312	
5	711:24842	frame	711:24843	Frame 81514031	0	0	647	453.3702087402344	
6	711:24843	frame	711:24844	Профиль. Проекты	0	0	427.2142333984375	453.3702087402344	
7	711:24844	frame	711:24845	1	2.906259775161743	8.718647003173828	412.6831359863281	143.4945831298828	true
8	711:24845	rounded-rectangle	711:24846	panel	0.00000967028972809203	0.00001936165426741354	412.6831359863281	143.4945831298828	
8	711:24845	frame	711:24847	Frame 3551	143.49473571777344	50.858970642089844	251.38796997070312	68.96841430664062	
9	711:24847	frame	711:24848	Frame 3549	0	0	251.38796997070312	17.906219482421875	
10	711:24848	frame	711:24849	Table Cell	0	0	116.97532653808594	17.906219482421875	
11	711:24849	text	711:24850	Электронная почта	0	0	116.97532653808594	7	
11	711:24849	text	711:24851	box@mailboх.ru	0	9.906219482421875	116.97532653808594	8	
11	711:24849	frame	711:24852	Frame 3547	-0.0003803700383286923	16.71062660217285	37.780853271484375	11.624876976013184	true
12	711:24852	frame	711:24853	icon-social	-0.0003803700383286923	-0.000011278691090410575	11.624876976013184	11.624876976013184	
12	711:24852	frame	711:24856	icon-social	13.077260971069336	-0.000011278691090410575	11.624876976013184	11.624876976013184	
12	711:24852	frame	711:24859	icon-social	26.15542984008789	-0.000011278691090410575	11.624876976013184	11.624876976013184	
10	711:24848	frame	711:24862	Table Cell	134.4126434326172	0	116.97532653808594	17.906219482421875	
11	711:24862	text	711:24863	Телефон	0	0	116.97532653808594	7	
11	711:24862	text	711:24864	+7 904 56 78 87	0	9.906219482421875	116.97532653808594	8	
11	711:24862	frame	711:24865	Frame 3547	-0.00008750658162171021	16.71062660217285	37.780853271484375	11.624876976013184	true
12	711:24865	frame	711:24866	icon-social	0.000028985421522520483	-0.00011482435365905985	11.624876976013184	11.624876976013184	
12	711:24865	frame	711:24869	icon-social	13.078081130981445	-0.000011278691090410575	11.624876976013184	11.624876976013184	
12	711:24865	frame	711:24872	icon-social	26.155723571777344	-0.000011278691090410575	11.624876976013184	11.624876976013184	
9	711:24847	frame	711:24875	Frame 3548	0	23.718658447265625	251.38796997070312	17.906219482421875	
10	711:24875	frame	711:24876	Table Cell	0	0	116.97532653808594	17.906219482421875	
11	711:24876	text	711:24877	День рождения	0	0	116.97532653808594	7	
11	711:24876	text	711:24878	21.11.1980	0	9.906219482421875	116.97532653808594	8	
11	711:24876	frame	711:24879	Frame 3547	-0.0003803700383286923	16.71063232421875	37.780853271484375	11.624876976013184	true
12	711:24879	frame	711:24880	icon-social	-0.0003803700383286923	-0.000004525791155174375	11.624876976013184	11.624876976013184	
12	711:24879	frame	711:24883	icon-social	13.077260971069336	-0.000004525791155174375	11.624876976013184	11.624876976013184	
12	711:24879	frame	711:24886	icon-social	26.15542984008789	-0.000004525791155174375	11.624876976013184	11.624876976013184	
10	711:24875	frame	711:24889	Table Cell	134.4126434326172	0	116.97532653808594	17.906219482421875	
11	711:24889	text	711:24890	Руководитель	0	0	116.97532653808594	7	
11	711:24889	text	711:24891	Петров Андрей Сергеевич	0	9.906219482421875	116.97532653808594	8	
11	711:24889	frame	711:24892	Frame 3547	-0.00008750658162171021	16.71063232421875	37.780853271484375	11.624876976013184	true
12	711:24892	frame	711:24893	icon-social	0.000028985421522520483	-0.00006733933696523309	11.624876976013184	11.624876976013184	
12	711:24892	frame	711:24896	icon-social	13.078081130981445	-0.000004525791155174375	11.624876976013184	11.624876976013184	
12	711:24892	frame	711:24899	icon-social	26.155723571777344	-0.000004525791155174375	11.624876976013184	11.624876976013184	
9	711:24847	frame	711:24902	Frame 3550	0	47.43731689453125	251.38796997070312	21.531095504760742	
10	711:24902	frame	711:24903	Table Cell	0	0	116.97532653808594	21.531095504760742	
11	711:24903	text	711:24904	Соцсети	0	0	116.97532653808594	7	
11	711:24903	text	711:24905	+7 904 56 78 87	-0.0003803700383286923	9.445319175720215	125.3307113647461	8	true
11	711:24903	frame	711:24906	Frame 3547	0	9.906219482421875	37.78084945678711	11.624876976013184	
12	711:24906	frame	711:24907	icon-social	0	0	11.624876976013184	11.624876976013184	
12	711:24906	instance	711:24910	Property 1=whatsapp	13.077788352966309	0.000048943915317067876	11.624876976013184	11.624876976013184	
12	711:24906	instance	711:24911	Property 1=Viber	26.155973434448242	0	11.624876976013184	11.624876976013184	
10	711:24902	frame	711:24912	Table Cell	134.4126434326172	0	116.97532653808594	17.906219482421875	
11	711:24912	text	711:24913	Город	0	0	116.97532653808594	7	
11	711:24912	text	711:24914	Тюмень	0	9.906219482421875	116.97532653808594	8	
11	711:24912	frame	711:24915	Frame 3547	-0.00008750658162171021	16.71083641052246	37.780853271484375	11.624876976013184	true
12	711:24915	frame	711:24916	icon-social	0.000028985421522520483	0.0001299421419389546	11.624876976013184	11.624876976013184	
12	711:24915	frame	711:24919	icon-social	13.078081130981445	0.00015324506966862828	11.624876976013184	11.624876976013184	
12	711:24915	frame	711:24922	icon-social	26.155723571777344	0.00015324506966862828	11.624876976013184	11.624876976013184	
8	711:24845	rounded-rectangle	711:24925	image 2	8.718789100646973	8.718798637390137	126.05725860595703	126.05725860595703	
8	711:24845	frame	711:24926	Frame 3546	143.49473571777344	8.718798637390137	260.46990966796875	34.906219482421875	
9	711:24926	frame	711:24927	Frame 3545	0.00000762939453125	0	217.96644592285156	34.906219482421875	
10	711:24927	text	711:24928	Константинопольский Константин Константинович	-0.00000762939453125	0	217.96646118164062	24	
10	711:24927	text	711:24929	Департамент ИТ: Директор департамента	-0.00000762939453125	26.906219482421875	217.96646118164062	8	
9	711:24926	instance	711:24930	Button	226.68511962890625	0	33.78479766845703	13.077986717224121	
8	711:24845	frame	711:24931	Frame 3553	143.49473571777344	124.24104309082031	252.9842071533203	7	
9	711:24931	frame	711:24932	Frame 3552	0	0	85.45310974121094	7	
10	711:24932	text	711:24933	Организация:	0	0	32	7	
10	711:24932	text	711:24934	Разработка кода ООО	33.45310974121094	0	52	7	
9	711:24931	frame	711:24935	Frame 3552	91.26554870605469	0	80.45310974121094	7	
10	711:24935	text	711:24936	Дата трудоустройства:	0	0	54	7	
10	711:24935	text	711:24937	24.06.2019	55.45310974121094	0	25	7	
9	711:24931	frame	711:24938	Frame 3552	177.53109741210938	0	75.45310974121094	7	
10	711:24938	text	711:24939	Стаж::	0	0	16	7	
10	711:24938	text	711:24940	4 года 3 месяца 26 дней	17.453109741210938	0	58	7	
7	711:24844	frame	711:24941	Frame 81513996	11.625039100646973	34.87458801269531	403.9645080566406	513.4422607421875	
8	711:24941	frame	711:24942	Frame 3572	0	0	403.9645080566406	513.4422607421875	
9	711:24942	instance	711:24943	Профиль	0	0	403.9644775390625	180.2724609375	
9	711:24942	frame	711:24944	content	0	188.99111938476562	403.9645080566406	324.4511413574219	
10	711:24944	instance	711:24945	⚙️ Tabs	0	0	403.9644775390625	14.531096458435059	
10	711:24944	frame	711:24946	Frame 81514008	0	23.249753952026367	403.9645080566406	19.6248779296875	
11	711:24946	text	711:24947	Все: 7	8.718817710876465	5.812487602233887	17	8	
11	711:24946	instance	711:24948	⚙️ Switch	34.43731689453125	5.812438488006592	66.84303283691406	8	
10	711:24944	frame	711:24949	cards-content	0	51.593292236328125	403.9645080566406	85.14018249511719	
11	711:24949	instance	711:24950	Cards	0	0	128.8424072265625	85.14018249511719	
11	711:24949	instance	711:24951	Cards	137.56106567382812	0	128.8424072265625	85.14018249511719	
11	711:24949	instance	711:24952	Cards	275.12213134765625	0	128.8424072265625	85.14018249511719	
10	711:24944	frame	711:24953	cards-content	0	145.45213317871094	403.9645080566406	85.14018249511719	
11	711:24953	instance	711:24954	Cards	0	0	128.8424072265625	85.14018249511719	
11	711:24953	instance	711:24955	Cards	137.56106567382812	0	128.8424072265625	85.14018249511719	
11	711:24953	instance	711:24956	Cards	275.12213134765625	0	128.8424072265625	85.14018249511719	
10	711:24944	frame	711:24957	cards-content	0	239.31097412109375	403.9645080566406	85.14018249511719	
11	711:24957	instance	711:24958	Cards	0	0	128.8424072265625	85.14018249511719	
11	711:24957	instance	711:24959	Cards	137.56106567382812	0	128.8424072265625	85.14018249511719	
11	711:24957	instance	711:24960	Cards	275.12213134765625	0	128.8424072265625	85.14018249511719	
9	711:24942	instance	711:24961	курсоры	17.4375	92.2724609375	5.812438488006592	5.812438488006592	
7	711:24844	instance	711:24962	GRID	0	-64	1176	3369	
7	711:24844	instance	711:24963	MIS / Footer	11.625039100646973	551.4551391601562	403.9644775390625	17.6248779296875	
7	711:24844	instance	711:24964	⚙️ Navbar	-95.90499114990234	-23.249813079833984	95.90523529052734	371.6327819824219	
7	711:24844	frame	711:24965	Header	0	-23.249813079833984	427.2142333984375	58.40572738647461	
8	711:24965	instance	711:24966	MIS / Header	0	0	427.2142333984375	23.249753952026367	
8	711:24965	instance	711:24967	Nav-Profile	0	23.249753952026367	427.2142333984375	23.531097412109375	
8	711:24965	instance	711:24968	Spacing & Separator	0	46.780853271484375	427.2142333984375	11.624876976013184	
8	711:24965	instance	711:24969	курсоры	78.46795654296875	37.780792236328125	5.812438488006592	5.812438488006592	
6	711:24843	frame	711:24970	Профиль / Проекты	227.05126953125	0	419.9486999511719	453.3702087402344	
7	711:24970	instance	711:24971	GRID	-296	-64	1176	3369	
7	711:24970	instance	711:24972	MIS	-103.1701431274414	-23.249813079833984	523.1195678710938	42.8746337890625	
7	711:24970	instance	711:24973	Status compact	-0.36252695322036743	64.6633529663086	27.60908317565918	7.265548229217529	true
7	711:24970	frame	711:24974	Wrap	-95.90449523925781	30.51526641845703	508.58837890625	751.3970336914062	
8	711:24974	instance	711:24975	MIS/Title	0	0	403.9644775390625	20.718658447265625	
9	711:24975	frame	I711:24975;7881:25327	Link Content	0	0	403.9644775390625	11.624876976013184	true
9	711:24975	frame	I711:24975;6297:36399	Layout Content	0	0	403.9644775390625	12	
10	I711:24975;6297:36399	frame	I711:24975;6932:6951	Title Content	0	0	403.9644775390625	12	
11	I711:24975;6932:6951	frame	I711:24975;6906:48685	Title	0	0	403.9644775390625	12	
12	I711:24975;6906:48685	text	I711:24975;6297:36400	Заголовок главной раздела	0	0	403.9644775390625	12	
12	I711:24975;6906:48685	frame	I711:24975;7007:12062	Subtitile Content	0	14.531097412109375	403.9644775390625	14.531096458435059	true
12	I711:24975;6906:48685	frame	I711:24975;6297:38516	Info	0	14.531097412109375	305.87957763671875	20.343534469604492	true
11	I711:24975;6932:6951	slot	I711:24975;6932:6964	Slot_BTN	373.0859375	0	30.87858009338379	14.531096458435059	true
9	711:24975	frame	I711:24975;6297:36406	Табы	0	11.6248779296875	403.9644775390625	20.343534469604492	true
9	711:24975	instance	I711:24975;6952:20423	Spacing & Separator	0	12	403.9644775390625	8.718657493591309	
8	711:24974	frame	711:24976	layout	0	20.718658447265625	508.58837890625	719.0535278320312	
9	711:24976	frame	711:24977	content	0	0	508.58837890625	692.7100219726562	
10	711:24977	instance	711:24978	Navigation	0	0	95.90523529052734	371.9960632324219	
11	711:24978	slot	I711:24978;11755:57364	Slot_NavBar_Content	0	0	95.90523529052734	371.9960632324219	
12	I711:24978;11755:57364	instance	I711:24978;11755:57365	x/⚙️ NavbarItem	2.906219482421875	5.81243896484375	90.0927963256836	14.992103576660156	
12	I711:24978;11755:57364	instance	I711:24978;11755:58224	x/⚙️ NavbarItem	2.906219244003296	21.531097412109375	90.0927963256836	14.992103576660156	
12	I711:24978;11755:57364	instance	I711:24978;11755:57371	x/⚙️ NavbarItem	2.906219244003296	37.249755859375	90.0927963256836	14.992103576660156	
12	I711:24978;11755:57364	instance	I711:24978;14689:57014	x/⚙️ NavbarItem	2.906219244003296	52.968414306640625	90.0927963256836	14.992103576660156	
12	I711:24978;11755:57364	instance	I711:24978;19957:31472	x/⚙️ NavbarItem	2.906219244003296	68.68707275390625	90.0927963256836	14.992103576660156	
12	I711:24978;11755:57364	instance	I711:24978;11755:57375	x/⚙️ NavbarItem	2.906219244003296	84.40573120117188	90.0927963256836	14.992103576660156	
12	I711:24978;11755:57364	instance	I711:24978;11755:57376	x/⚙️ NavbarItem	2.906219244003296	100.1243896484375	90.0927963256836	21.992103576660156	
12	I711:24978;11755:57364	instance	I711:24978;11755:57369	x/⚙️ NavbarItem	2.906219244003296	122.84304809570312	90.0927963256836	14.992103576660156	
12	I711:24978;11755:57364	instance	I711:24978;11755:57378	x/⚙️ NavbarItem	2.906219244003296	138.56170654296875	90.0927963256836	14.992103576660156	
12	I711:24978;11755:57364	instance	I711:24978;18169:60921	x/⚙️ NavbarItem	2.906219244003296	154.28036499023438	90.0927963256836	14.992103576660156	
12	I711:24978;11755:57364	instance	I711:24978;11755:57367	x/⚙️ NavbarItem	2.906219244003296	169.9990234375	90.0927963256836	14.992103576660156	
12	I711:24978;11755:57364	instance	I711:24978;11755:57368	x/⚙️ NavbarItem	2.906219244003296	185.71768188476562	90.0927963256836	14.992103576660156	
12	I711:24978;11755:57364	instance	I711:24978;11755:57372	x/⚙️ NavbarItem	2.906219244003296	201.43634033203125	90.0927963256836	14.992103576660156	
12	I711:24978;11755:57364	instance	I711:24978;11755:57373	x/⚙️ NavbarItem	2.906219244003296	217.15499877929688	90.0927963256836	14.992103576660156	
12	I711:24978;11755:57364	instance	I711:24978;11755:57379	x/⚙️ NavbarItem	0	219.41957092285156	95.90523529052734	14.531096458435059	true
12	I711:24978;11755:57364	instance	I711:24978;11755:57380	x/⚙️ NavbarItem	0	234.67721557617188	95.90523529052734	14.531096458435059	true
12	I711:24978;11755:57364	instance	I711:24978;11755:57381	x/⚙️ NavbarItem	0	249.93487548828125	95.90523529052734	14.531096458435059	true
12	I711:24978;11755:57364	instance	I711:24978;11755:57382	x/⚙️ NavbarItem	0	265.1925354003906	95.90523529052734	14.531096458435059	true
12	I711:24978;11755:57364	instance	I711:24978;11755:57383	x/⚙️ NavbarItem	0	280.4501953125	95.90523529052734	14.531096458435059	true
12	I711:24978;11755:57364	instance	I711:24978;11755:57384	x/⚙️ NavbarItem	0	295.70782470703125	95.90523529052734	14.531096458435059	true
12	I711:24978;11755:57364	instance	I711:24978;11755:57385	x/⚙️ NavbarItem	0	310.9654846191406	95.90523529052734	14.531096458435059	true
11	711:24978	slot	I711:24978;23909:11999	Slot_Footer_Content	0	330.58245849609375	95.90523529052734	41.41362380981445	true
11	711:24978	frame	I711:24978;11755:56321	Menu up	0	360.3712158203125	95.90523529052734	11.624876976013184	true
11	711:24978	frame	I711:24978;11755:56323	shadow	93.09378051757812	0	2.906219244003296	372	true
10	711:24977	frame	711:24979	left	104.62389373779297	0	128.96348571777344	397.1609191894531	
11	711:24979	instance	711:24980	user	0	0	128.96348571777344	145.3109588623047	
11	711:24979	instance	711:24981	Отпуск	0	154.3928985595703	128.96348571777344	155.65548706054688	
11	711:24979	instance	711:24982	Достижения	0	319.13031005859375	128.96348571777344	78.03060150146484	
12	711:24982	frame	I711:24982;3994:32666	Frame 81514056	8.718658447265625	8.718658447265625	111.52616119384766	9	
13	I711:24982;3994:32666	text	I711:24982;2747:55967	Достижения	0	0	94.7137222290039	9	
13	I711:24982;3994:32666	text	I711:24982;5271:104842	0/3	100.52616119384766	0	11	9	
12	711:24982	instance	I711:24982;2747:55968	Spacing & Separator	8.718661308288574	17.718658447265625	111.52616119384766	8.718657493591309	
12	711:24982	slot	I711:24982;2747:55991	Slot_medal	8.718661308288574	26.43731689453125	111.52616119384766	26.155973434448242	
13	I711:24982;2747:55991	frame	I711:24982;2747:55974	Frame 81514025	0	0	111.52616119384766	26.155973434448242	
14	I711:24982;2747:55974	frame	I711:24982;4012:50585	1	0	0	26.155973434448242	26.155973434448242	
15	I711:24982;4012:50585	frame	I711:24982;4012:47267	no	-22.1396484375	0	26.155973434448242	26.155973434448242	true
15	I711:24982;4012:50585	frame	I711:24982;4012:47808	yes	-0.0003910064697265625	1.6519945134074732e-13	26.155973434448242	26.155973434448242	
16	I711:24982;4012:47808	rounded-rectangle	I711:24982;4044:55339	light-source-top-left-winner-s-medal--number-one-g 1	-0.0908193588256836	0	25.429418563842773	26.155973434448242	
14	I711:24982;2747:55974	frame	I711:24982;4012:51094	2	28.456729888916016	0	26.155973434448242	26.155973434448242	
15	I711:24982;4012:51094	frame	I711:24982;4012:48286	no	6.932315826416016	0	26.155973434448242	26.155973434448242	true
15	I711:24982;4012:51094	frame	I711:24982;4012:48764	yes	28.456504821777344	0	26.155973434448242	26.155973434448242	
16	I711:24982;4012:48764	rounded-rectangle	I711:24982;4044:45139	glowing-light-bulb--idea---the-light-source-comes- 1	0.1816387176513672	0	26.155973434448242	26.155973434448242	
14	I711:24982;2747:55974	frame	I711:24982;4044:46322	3	56.91345977783203	0	26.155973434448242	26.155973434448242	
15	I711:24982;4044:46322	frame	I711:24982;4044:46323	yes	56.91337776184082	0	26.155973434448242	26.155973434448242	
16	I711:24982;4044:46323	rounded-rectangle	I711:24982;4044:47019	medal-best-award-winner-icon-3d-cup 1	-0.12729866802692413	-0.07798659801483154	26.155973434448242	26.155973434448242	
15	I711:24982;4044:46322	frame	I711:24982;4044:46325	no	78.57556915283203	0	26.155973434448242	26.155973434448242	true
14	I711:24982;2747:55974	frame	I711:24982;10403:69891	4	85.37019348144531	0	26.155973434448242	26.155973434448242	
15	I711:24982;10403:69891	frame	I711:24982;10403:68084	yes	85.37019348144531	0	26.155973434448242	26.155973434448242	
16	I711:24982;10403:68084	rounded-rectangle	I711:24982;10472:69101	one-gold-coin-with-a-ruble-symbol-is-floating-in-t 1	0	0	26.155973434448242	26.155973434448242	true
16	I711:24982;10403:68084	rounded-rectangle	I711:24982;10473:70434	three-gold-coins-with-a-ruble-symbol-are-floating- 1	0	0	26.155973434448242	26.155973434448242	
15	I711:24982;10403:69891	frame	I711:24982;10403:70692	no	85.37019348144531	0	26.155973434448242	26.155973434448242	true
14	I711:24982;2747:55974	frame	I711:24982;10472:67970	_4	85.37019348144531	0	26.155973434448242	26.155973434448242	true
15	I711:24982;10472:67970	frame	I711:24982;10472:67971	yes	85.37019348144531	0	26.155973434448242	26.155973434448242	true
15	I711:24982;10472:67970	frame	I711:24982;10472:67973	no	85.37019348144531	0	26.155973434448242	26.155973434448242	
16	I711:24982;10472:67973	rounded-rectangle	I711:24982;10472:67974	---------------------------------------------------2 1	-1.6952682733535767	-1.2714512348175049	29.909841537475586	29.909841537475586	
14	I711:24982;2747:55974	instance	I711:24982;2765:27471	Tooltip	42.74037551879883	-15.984206199645996	54.854888916015625	14.531096458435059	true
13	I711:24982;2747:55991	frame	I711:24982;2747:55986	Frame 81514025	0	28.33563995361328	111.52616119384766	25.429418563842773	true
12	711:24982	frame	I711:24982;4044:52209	Frame 81514064	8.718661308288574	52.593292236328125	111.52616119384766	16.718658447265625	
13	I711:24982;4044:52209	instance	I711:24982;4044:48150	Spacing & Separator	0	0	111.52616119384766	8.718657493591309	
13	I711:24982;4044:52209	instance	I711:24982;4044:47085	Link	0	8.718658447265625	30	8	
10	711:24977	frame	711:24983	right	242.3060302734375	0	266.2823486328125	692.7100219726562	
11	711:24983	instance	711:24984	about	0	0	266.2823181152344	224.81146240234375	
12	711:24984	frame	I711:24984;2747:36940	Header	8.718658447265625	8.718658447265625	248.8450164794922	43.81243896484375	
13	I711:24984;2747:36940	frame	I711:24984;2747:36941	Title Container	0	0	248.8450164794922	43.81243896484375	
14	I711:24984;2747:36941	frame	I711:24984;2747:36942	Title	0	0	248.8450164794922	26.906219482421875	
15	I711:24984;2747:36942	frame	I711:24984;5026:41543	статус	0	0	72.29220581054688	8.718657493591309	true
15	I711:24984;2747:36942	text	I711:24984;2747:36943	Семиглазова Кристина Игоревна	0	0	248.8450164794922	9	
15	I711:24984;2747:36942	frame	I711:24984;3777:44253	Job title	0	10.453109741210938	248.8450164794922	16.453109741210938	
16	I711:24984;3777:44253	frame	I711:24984;3777:43572	должность	0	0	248.8450164794922	16.453109741210938	
17	I711:24984;3777:43572	text	I711:24984;3777:43475	Старший аналитик	0	0	248.8450164794922	7	
17	I711:24984;3777:43572	text	I711:24984;3606:29755	Расчетно-сметное управление	0	8.453109741210938	248.8450164794922	8	
16	I711:24984;3777:44253	instance	I711:24984;3777:44414	⚙️ Buttons	199.43931579589844	0	49.40572738647461	11.624876976013184	true
14	I711:24984;2747:36941	frame	I711:24984;2747:36946	Road  Container	0	26.906219482421875	248.8450164794922	16.906219482421875	
15	I711:24984;2747:36946	instance	I711:24984;2747:36947	Spacing & Separator	0	0	248.8450164794922	2.906219244003296	
15	I711:24984;2747:36946	text	I711:24984;2824:68927	ГК СТРАНА Девелопмент / Блок «Строительство» / Департамент обеспечения строительного производства	0	2.906219482421875	248.8450164794922	14	
14	I711:24984;2747:36941	frame	I711:24984;2769:75309	И.О.  Container	0	41.41362762451172	248.8450164794922	42.14017868041992	true
12	711:24984	instance	I711:24984;2747:55939	Spacing & Separator	8.718657493591309	52.531097412109375	248.8450164794922	17.437314987182617	
12	711:24984	frame	I711:24984;2747:55920	инфо	8.718657493591309	69.96841430664062	248.8450164794922	131.40573120117188	
13	I711:24984;2747:55920	frame	I711:24984;2747:55872	row	0	0	248.8450164794922	17.906219482421875	
14	I711:24984;2747:55872	instance	I711:24984;2781:90044	Definition list	0	0	120.06317901611328	17.906219482421875	
14	I711:24984;2747:55872	instance	I711:24984;2781:90422	Definition list	128.78184509277344	0	120.06317901611328	17.906219482421875	
13	I711:24984;2747:55920	frame	I711:24984;2781:90807	row	0	26.6248779296875	248.8450164794922	17.906219482421875	
14	I711:24984;2781:90807	instance	I711:24984;2781:90808	Definition list	0	0	120.06317901611328	17.906219482421875	
14	I711:24984;2781:90807	instance	I711:24984;2781:90809	Definition list	128.78184509277344	0	120.06317901611328	17.906219482421875	
13	I711:24984;2747:55920	frame	I711:24984;2781:91865	row	0	53.249755859375	248.8450164794922	17.906219482421875	
14	I711:24984;2781:91865	instance	I711:24984;10266:68190	Definition list	0	0	120.06317901611328	17.906219482421875	
14	I711:24984;2781:91865	instance	I711:24984;11234:68177	Definition list	128.78184509277344	0	120.06317901611328	17.906219482421875	
13	I711:24984;2747:55920	frame	I711:24984;2781:93147	row	0	79.8746337890625	248.8450164794922	17.906219482421875	
14	I711:24984;2781:93147	instance	I711:24984;11234:69214	Definition list	0	0	120.06317901611328	17.906219482421875	
15	I711:24984;11234:69214	instance	I711:24984;11234:69214;1093:61378	Left	0	0	27.60908317565918	23.249753952026367	true
15	I711:24984;11234:69214	frame	I711:24984;11234:69214;1093:61379	Wrapper	0	0	120.06317901611328	17.906219482421875	
16	I711:24984;11234:69214;1093:61379	instance	I711:24984;11234:69214;1093:61380	Spacing & Separator	0	0	124.6041488647461	5.812438488006592	true
16	I711:24984;11234:69214;1093:61379	frame	I711:24984;11234:69214;1093:61381	Content Layout	0	0	120.06317901611328	17.906219482421875	
17	I711:24984;11234:69214;1093:61381	instance	I711:24984;11234:69214;8165:14578	Table Item	0	0	120.06317901611328	17.906219482421875	
18	I711:24984;11234:69214;8165:14578	instance	I711:24984;11234:69214;8165:14578;1093:62193	⚙️ Label	0	0	120.06317901611328	7	
18	I711:24984;11234:69214;8165:14578	text	I711:24984;11234:69214;8165:14578;1093:61521	Text	0	9.445213317871094	107.16683197021484	8	true
18	I711:24984;11234:69214;8165:14578	slot	I711:24984;11234:69214;8165:14578;25098:2610	Slot_Content	0	9.906219482421875	120.06317901611328	8	
19	I711:24984;11234:69214;8165:14578;25098:2610	frame	I711:24984;11234:69214;8165:14578;711:14123	Frame 81514110	0	0	120.06317901611328	8	
20	I711:24984;11234:69214;8165:14578;711:14123	text	I711:24984;11234:69214;8165:14578;711:14124	Text	0	0	34	8	
20	I711:24984;11234:69214;8165:14578;711:14123	instance	I711:24984;11234:69214;8165:14578;711:14125	info circle	35.45310974121094	0	7.265548229217529	7.265548229217529	
17	I711:24984;11234:69214;1093:61381	instance	I711:24984;11234:69214;1093:61383	Right	112.97927856445312	0.3632774353027344	11.624876976013184	15.984206199645996	true
16	I711:24984;11234:69214;1093:61379	instance	I711:24984;11234:69214;1093:61384	Spacing & Separator	0	16.71076202392578	124.6041488647461	5.812438488006592	true
14	I711:24984;2781:93147	instance	I711:24984;11234:67660	Definition list	128.78184509277344	0	120.06317901611328	17.906219482421875	
13	I711:24984;2747:55920	frame	I711:24984;11180:60143	row	0	106.49951171875	248.8450164794922	24.906219482421875	
14	I711:24984;11180:60143	instance	I711:24984;11234:68694	Definition list	0	0	120.06317901611328	17.906219482421875	
14	I711:24984;11180:60143	instance	I711:24984;11232:76745	Definition list	128.78184509277344	0	120.06317901611328	24.906219482421875	
12	711:24984	instance	I711:24984;2783:114388	Spacing & Separator	8.718657493591309	201.3741455078125	248.8450164794922	8.718657493591309	
12	711:24984	instance	I711:24984;2783:113548	Link	8.718657493591309	210.09280395507812	30.265548706054688	6	
11	711:24983	frame	711:24985	Frame 81514027	0	233.53012084960938	266.2823486328125	459.1799011230469	
12	711:24985	instance	711:24986	⚙️Accordion	0	0	266.2823486328125	26.437314987182617	
12	711:24985	instance	711:25097	⚙️Accordion	0	35.15597152709961	266.2823486328125	318.5559997558594	
13	711:25097	frame	I711:25097;1028:54957	Title Layout	8.718658447265625	8.718657493591309	248.84503173828125	9	
14	I711:25097;1028:54957	frame	I711:25097;1028:54976	Title Content	0	0	234.31393432617188	9	
15	I711:25097;1028:54976	instance	I711:25097;1028:55029	Outline / crossing-directions square	0	0	8.718657493591309	8.718657493591309	true
15	I711:25097;1028:54976	frame	I711:25097;1028:56363	Title Container	0	0	234.31393432617188	9	
16	I711:25097;1028:56363	text	I711:25097;1028:54958	Title	0	0	234.31393432617188	9	
16	I711:25097;1028:56363	text	I711:25097;1028:56372	Subtitle	0	10.171768188476562	247.0286407470703	7	true
16	I711:25097;1028:56363	frame	I711:25097;10929:18934	Summary Container	0	18.16387176513672	252.84107971191406	15.984206199645996	true
16	I711:25097;1028:56363	instance	I711:25097;1034:9469	Status	0	18.16387176513672	25.06614112854004	8.718657493591309	true
16	I711:25097;1028:56363	instance	I711:25097;1034:9470	⚙️ Tags	0	18.16387176513672	14.167819023132324	8.718657493591309	true
14	I711:25097;1028:54957	instance	I711:25097;1028:54959	Arrow Up	240.12637329101562	0.1406712532043457	8.718657493591309	8.718657493591309	
13	711:25097	frame	I711:25097;1028:54960	Content	8.718658447265625	17.718658447265625	248.84503173828125	292.1186828613281	
14	I711:25097;1028:54960	instance	I711:25097;1028:54961	Spacing & Separator	0	0	248.84503173828125	8.718657493591309	
14	I711:25097;1028:54960	slot	I711:25097;23896:4967	Slot_Content	0	8.718658447265625	248.84503173828125	283.4000244140625	
15	I711:25097;23896:4967	instance	I711:25097;23896:4967;711:25096	проекты	0	0	237.55429077148438	283.4000244140625	
16	I711:25097;23896:4967;711:25096	slot	I711:25097;23896:4967;711:25096;2793:131360	Slot	0	0	237.55429077148438	277.4000244140625	
17	I711:25097;23896:4967;711:25096;2793:131360	frame	I711:25097;23896:4967;711:25096;2793:131360;711:24989	Frame 81514008	0	0	237.55429077148438	18.102699279785156	
18	I711:25097;23896:4967;711:25096;2793:131360;711:24989	text	I711:25097;23896:4967;711:25096;2793:131360;711:24990	Все: 23	8.327025413513184	5.551349639892578	19	7	
18	I711:25097;23896:4967;711:25096;2793:131360;711:24989	instance	I711:25097;23896:4967;711:25096;2793:131360;711:24991	⚙️ Switch	35.654052734375	5.551349639892578	63.810203552246094	7	
17	I711:25097;23896:4967;711:25096;2793:131360	instance	I711:25097;23896:4967;711:25096;2793:131360;711:24992	Spacing & Separator	0	18.102699279785156	237.55429077148438	8.32306957244873	
17	I711:25097;23896:4967;711:25096;2793:131360	frame	I711:25097;23896:4967;711:25096;2793:131360;711:24993	item	0	26.425769805908203	237.66712951660156	39.09742736816406	
18	I711:25097;23896:4967;711:25096;2793:131360;711:24993	frame	I711:25097;23896:4967;711:25096;2793:131360;711:24994	Frame 81514036	0	0	198.8077392578125	39.09742736816406	
19	I711:25097;23896:4967;711:25096;2793:131360;711:24994	instance	I711:25097;23896:4967;711:25096;2793:131360;711:24995	Status	0	0	31.323070526123047	8.7743558883667	
19	I711:25097;23896:4967;711:25096;2793:131360;711:24994	instance	I711:25097;23896:4967;711:25096;2793:131360;711:24996	Spacing & Separator	0	8.774356842041016	198.71328735351562	2.7743566036224365	
19	I711:25097;23896:4967;711:25096;2793:131360;711:24994	text	I711:25097;23896:4967;711:25096;2793:131360;711:24997	name 1	0	11.548713684082031	198.8077392578125	9	
19	I711:25097;23896:4967;711:25096;2793:131360;711:24994	instance	I711:25097;23896:4967;711:25096;2793:131360;711:24998	Spacing & Separator	0	20.54871368408203	198.71328735351562	1.3871783018112183	
19	I711:25097;23896:4967;711:25096;2793:131360;711:24994	frame	I711:25097;23896:4967;711:25096;2793:131360;711:24999	Frame 81514035	0	21.93589210510254	198.8077392578125	7	
20	I711:25097;23896:4967;711:25096;2793:131360;711:24999	text	I711:25097;23896:4967;711:25096;2793:131360;711:25000	Body 1	0	0	59	7	
20	I711:25097;23896:4967;711:25096;2793:131360;711:24999	text	I711:25097;23896:4967;711:25096;2793:131360;711:25001	Body 1	64.55134582519531	0	43	7	
19	I711:25097;23896:4967;711:25096;2793:131360;711:24994	instance	I711:25097;23896:4967;711:25096;2793:131360;711:25002	Spacing & Separator	0	28.93589210510254	198.71328735351562	4.161534786224365	
19	I711:25097;23896:4967;711:25096;2793:131360;711:24994	text	I711:25097;23896:4967;711:25096;2793:131360;711:25003	Body 1	0	33.09742736816406	198.8077392578125	6	
18	I711:25097;23896:4967;711:25096;2793:131360;711:24993	frame	I711:25097;23896:4967;711:25096;2793:131360;711:25004	Frame 3619	207.13470458984375	8.446014404296875	22.205398559570312	22.205398559570312	
19	I711:25097;23896:4967;711:25096;2793:131360;711:25004	ellipse	I711:25097;23896:4967;711:25096;2793:131360;711:25005	Ellipse 3	2.775675058364868	2.775670289993286	16.654050827026367	16.654050827026367	
19	I711:25097;23896:4967;711:25096;2793:131360;711:25004	ellipse	I711:25097;23896:4967;711:25096;2793:131360;711:25006	Ellipse 3	2.775675058364868	2.775670289993286	16.654050827026367	16.654050827026367	
19	I711:25097;23896:4967;711:25096;2793:131360;711:25004	text	I711:25097;23896:4967;711:25096;2793:131360;711:25007	name 1	4.510477066040039	7.633102893829346	13	7	
18	I711:25097;23896:4967;711:25096;2793:131360;711:24993	frame	I711:25097;23896:4967;711:25096;2793:131360;711:25008	Frame 3619	215.46176147460938	7.286137104034424	22.205398559570312	22.205398559570312	true
17	I711:25097;23896:4967;711:25096;2793:131360	instance	I711:25097;23896:4967;711:25096;2793:131360;711:25012	Spacing & Separator	0	65.523193359375	237.55429077148438	11.097426414489746	
17	I711:25097;23896:4967;711:25096;2793:131360	frame	I711:25097;23896:4967;711:25096;2793:131360;711:25013	item	0	76.62062072753906	237.66712951660156	39.09742736816406	
18	I711:25097;23896:4967;711:25096;2793:131360;711:25013	frame	I711:25097;23896:4967;711:25096;2793:131360;711:25014	Frame 81514036	0	0	198.8077392578125	39.09742736816406	
19	I711:25097;23896:4967;711:25096;2793:131360;711:25014	instance	I711:25097;23896:4967;711:25096;2793:131360;711:25015	Status	0	0	28.323068618774414	8.7743558883667	
19	I711:25097;23896:4967;711:25096;2793:131360;711:25014	instance	I711:25097;23896:4967;711:25096;2793:131360;711:25016	Spacing & Separator	0	8.774356842041016	198.71328735351562	2.7743566036224365	
19	I711:25097;23896:4967;711:25096;2793:131360;711:25014	text	I711:25097;23896:4967;711:25096;2793:131360;711:25017	name 1	0	11.548713684082031	198.8077392578125	9	
19	I711:25097;23896:4967;711:25096;2793:131360;711:25014	instance	I711:25097;23896:4967;711:25096;2793:131360;711:25018	Spacing & Separator	0	20.54871368408203	198.71328735351562	1.3871783018112183	
19	I711:25097;23896:4967;711:25096;2793:131360;711:25014	frame	I711:25097;23896:4967;711:25096;2793:131360;711:25019	Frame 81514035	0	21.93589210510254	198.8077392578125	7	
20	I711:25097;23896:4967;711:25096;2793:131360;711:25019	text	I711:25097;23896:4967;711:25096;2793:131360;711:25020	Body 1	0	0	59	7	
20	I711:25097;23896:4967;711:25096;2793:131360;711:25019	frame	I711:25097;23896:4967;711:25096;2793:131360;711:25021	Frame 81514073	64.55134582519531	0	36.935890197753906	6	
21	I711:25097;23896:4967;711:25096;2793:131360;711:25021	text	I711:25097;23896:4967;711:25096;2793:131360;711:25022	Body 1	0	0	30	7	true
21	I711:25097;23896:4967;711:25096;2793:131360;711:25021	instance	I711:25097;23896:4967;711:25096;2793:131360;711:25023	Link	0	0	36.935890197753906	5.999999523162842	
19	I711:25097;23896:4967;711:25096;2793:131360;711:25014	instance	I711:25097;23896:4967;711:25096;2793:131360;711:25024	Spacing & Separator	0	28.93589210510254	198.71328735351562	4.161534786224365	
19	I711:25097;23896:4967;711:25096;2793:131360;711:25014	text	I711:25097;23896:4967;711:25096;2793:131360;711:25025	Body 1	0	33.09742736816406	198.8077392578125	6	
18	I711:25097;23896:4967;711:25096;2793:131360;711:25013	frame	I711:25097;23896:4967;711:25096;2793:131360;711:25026	Frame 3619	207.13470458984375	8.446014404296875	22.205398559570312	22.205398559570312	
19	I711:25097;23896:4967;711:25096;2793:131360;711:25026	ellipse	I711:25097;23896:4967;711:25096;2793:131360;711:25027	Ellipse 3	2.775675058364868	2.7756717205047607	16.654050827026367	16.654050827026367	
19	I711:25097;23896:4967;711:25096;2793:131360;711:25026	ellipse	I711:25097;23896:4967;711:25096;2793:131360;711:25028	Ellipse 3	2.775675058364868	2.7756717205047607	16.654050827026367	16.654050827026367	
19	I711:25097;23896:4967;711:25096;2793:131360;711:25026	text	I711:25097;23896:4967;711:25096;2793:131360;711:25029	name 1	6.245264053344727	7.980078220367432	10	7	
18	I711:25097;23896:4967;711:25096;2793:131360;711:25013	frame	I711:25097;23896:4967;711:25096;2793:131360;711:25030	Frame 3619	215.46176147460938	7.286157608032227	22.205398559570312	22.205398559570312	true
17	I711:25097;23896:4967;711:25096;2793:131360	instance	I711:25097;23896:4967;711:25096;2793:131360;711:25034	Spacing & Separator	0	115.71804809570312	237.55429077148438	11.097426414489746	
17	I711:25097;23896:4967;711:25096;2793:131360	frame	I711:25097;23896:4967;711:25096;2793:131360;711:25035	item	0	126.81547546386719	237.66712951660156	39.09742736816406	
18	I711:25097;23896:4967;711:25096;2793:131360;711:25035	frame	I711:25097;23896:4967;711:25096;2793:131360;711:25036	Frame 81514036	0	0	198.8077392578125	39.09742736816406	
19	I711:25097;23896:4967;711:25096;2793:131360;711:25036	instance	I711:25097;23896:4967;711:25096;2793:131360;711:25037	Status	0	0	39.32306671142578	8.7743558883667	
19	I711:25097;23896:4967;711:25096;2793:131360;711:25036	instance	I711:25097;23896:4967;711:25096;2793:131360;711:25038	Spacing & Separator	0	8.774356842041016	198.71328735351562	2.7743566036224365	
19	I711:25097;23896:4967;711:25096;2793:131360;711:25036	text	I711:25097;23896:4967;711:25096;2793:131360;711:25039	name 1	0	11.548713684082031	198.8077392578125	9	
19	I711:25097;23896:4967;711:25096;2793:131360;711:25036	instance	I711:25097;23896:4967;711:25096;2793:131360;711:25040	Spacing & Separator	0	20.54871368408203	198.71328735351562	1.3871783018112183	
19	I711:25097;23896:4967;711:25096;2793:131360;711:25036	frame	I711:25097;23896:4967;711:25096;2793:131360;711:25041	Frame 81514035	0	21.93589210510254	198.8077392578125	7	
20	I711:25097;23896:4967;711:25096;2793:131360;711:25041	text	I711:25097;23896:4967;711:25096;2793:131360;711:25042	Body 1	0	0	59	7	
20	I711:25097;23896:4967;711:25096;2793:131360;711:25041	text	I711:25097;23896:4967;711:25096;2793:131360;711:25043	Body 1	64.55134582519531	0	21	7	
19	I711:25097;23896:4967;711:25096;2793:131360;711:25036	instance	I711:25097;23896:4967;711:25096;2793:131360;711:25044	Spacing & Separator	0	28.93589210510254	198.71328735351562	4.161534786224365	
19	I711:25097;23896:4967;711:25096;2793:131360;711:25036	text	I711:25097;23896:4967;711:25096;2793:131360;711:25045	Body 1	0	33.09742736816406	198.8077392578125	6	
18	I711:25097;23896:4967;711:25096;2793:131360;711:25035	frame	I711:25097;23896:4967;711:25096;2793:131360;711:25046	Frame 3619	207.13470458984375	8.446014404296875	22.205398559570312	22.205398559570312	
19	I711:25097;23896:4967;711:25096;2793:131360;711:25046	ellipse	I711:25097;23896:4967;711:25096;2793:131360;711:25047	Ellipse 3	2.775675058364868	2.7757039070129395	16.654050827026367	16.654050827026367	
19	I711:25097;23896:4967;711:25096;2793:131360;711:25046	ellipse	I711:25097;23896:4967;711:25096;2793:131360;711:25048	Ellipse 3	2.775675058364868	2.7757039070129395	16.654050827026367	16.654050827026367	true
19	I711:25097;23896:4967;711:25096;2793:131360;711:25046	text	I711:25097;23896:4967;711:25096;2793:131360;711:25049	name 1	7.633114814758301	7.980094909667969	7	7	
18	I711:25097;23896:4967;711:25096;2793:131360;711:25035	frame	I711:25097;23896:4967;711:25096;2793:131360;711:25050	Frame 3619	215.46176147460938	7.286159515380859	22.205398559570312	22.205398559570312	true
17	I711:25097;23896:4967;711:25096;2793:131360	instance	I711:25097;23896:4967;711:25096;2793:131360;711:25054	Spacing & Separator	0	165.91290283203125	237.55429077148438	11.097426414489746	
17	I711:25097;23896:4967;711:25096;2793:131360	frame	I711:25097;23896:4967;711:25096;2793:131360;711:25055	item	0	177.0103302001953	237.66712951660156	39.09742736816406	
18	I711:25097;23896:4967;711:25096;2793:131360;711:25055	frame	I711:25097;23896:4967;711:25096;2793:131360;711:25056	Frame 81514036	0	0	198.8077392578125	39.09742736816406	
19	I711:25097;23896:4967;711:25096;2793:131360;711:25056	instance	I711:25097;23896:4967;711:25096;2793:131360;711:25057	Status	0	0	38.32306671142578	8.7743558883667	
19	I711:25097;23896:4967;711:25096;2793:131360;711:25056	instance	I711:25097;23896:4967;711:25096;2793:131360;711:25058	Spacing & Separator	0	8.774356842041016	198.71328735351562	2.7743566036224365	
19	I711:25097;23896:4967;711:25096;2793:131360;711:25056	text	I711:25097;23896:4967;711:25096;2793:131360;711:25059	name 1	0	11.548713684082031	198.8077392578125	9	
19	I711:25097;23896:4967;711:25096;2793:131360;711:25056	instance	I711:25097;23896:4967;711:25096;2793:131360;711:25060	Spacing & Separator	0	20.54871368408203	198.71328735351562	1.3871783018112183	
19	I711:25097;23896:4967;711:25096;2793:131360;711:25056	frame	I711:25097;23896:4967;711:25096;2793:131360;711:25061	Frame 81514035	0	21.93589210510254	198.8077392578125	7	
20	I711:25097;23896:4967;711:25096;2793:131360;711:25061	text	I711:25097;23896:4967;711:25096;2793:131360;711:25062	Body 1	0	0	59	7	
20	I711:25097;23896:4967;711:25096;2793:131360;711:25061	text	I711:25097;23896:4967;711:25096;2793:131360;711:25063	Body 1	64.55134582519531	0	43	7	
19	I711:25097;23896:4967;711:25096;2793:131360;711:25056	instance	I711:25097;23896:4967;711:25096;2793:131360;711:25064	Spacing & Separator	0	28.93589210510254	198.71328735351562	4.161534786224365	
19	I711:25097;23896:4967;711:25096;2793:131360;711:25056	text	I711:25097;23896:4967;711:25096;2793:131360;711:25065	Body 1	0	33.09742736816406	198.8077392578125	6	
18	I711:25097;23896:4967;711:25096;2793:131360;711:25055	frame	I711:25097;23896:4967;711:25096;2793:131360;711:25066	Frame 3619	207.13470458984375	8.446014404296875	22.205398559570312	22.205398559570312	
19	I711:25097;23896:4967;711:25096;2793:131360;711:25066	ellipse	I711:25097;23896:4967;711:25096;2793:131360;711:25067	Ellipse 3	2.775675058364868	2.7756595611572266	16.654050827026367	16.654050827026367	
19	I711:25097;23896:4967;711:25096;2793:131360;711:25066	ellipse	I711:25097;23896:4967;711:25096;2793:131360;711:25068	Ellipse 3	2.775675058364868	2.7756595611572266	16.654050827026367	16.654050827026367	
19	I711:25097;23896:4967;711:25096;2793:131360;711:25066	text	I711:25097;23896:4967;711:25096;2793:131360;711:25069	name 1	6.245264053344727	7.980066299438477	10	7	
18	I711:25097;23896:4967;711:25096;2793:131360;711:25055	frame	I711:25097;23896:4967;711:25096;2793:131360;711:25070	Frame 3619	215.46176147460938	7.2861762046813965	22.205398559570312	22.205398559570312	true
17	I711:25097;23896:4967;711:25096;2793:131360	instance	I711:25097;23896:4967;711:25096;2793:131360;711:25074	Spacing & Separator	0	216.10775756835938	237.55429077148438	11.097426414489746	
17	I711:25097;23896:4967;711:25096;2793:131360	frame	I711:25097;23896:4967;711:25096;2793:131360;711:25075	item	0	227.20518493652344	237.66712951660156	39.09742736816406	
18	I711:25097;23896:4967;711:25096;2793:131360;711:25075	frame	I711:25097;23896:4967;711:25096;2793:131360;711:25076	Frame 81514036	0	0	198.8077392578125	39.09742736816406	
19	I711:25097;23896:4967;711:25096;2793:131360;711:25076	instance	I711:25097;23896:4967;711:25096;2793:131360;711:25077	Status	0	0	38.32306671142578	8.7743558883667	
19	I711:25097;23896:4967;711:25096;2793:131360;711:25076	instance	I711:25097;23896:4967;711:25096;2793:131360;711:25078	Spacing & Separator	0	8.774356842041016	198.71328735351562	2.7743566036224365	
19	I711:25097;23896:4967;711:25096;2793:131360;711:25076	text	I711:25097;23896:4967;711:25096;2793:131360;711:25079	name 1	0	11.548713684082031	198.8077392578125	9	
19	I711:25097;23896:4967;711:25096;2793:131360;711:25076	instance	I711:25097;23896:4967;711:25096;2793:131360;711:25080	Spacing & Separator	0	20.54871368408203	198.71328735351562	1.3871783018112183	
19	I711:25097;23896:4967;711:25096;2793:131360;711:25076	frame	I711:25097;23896:4967;711:25096;2793:131360;711:25081	Frame 81514035	0	21.93589210510254	198.8077392578125	7	
20	I711:25097;23896:4967;711:25096;2793:131360;711:25081	text	I711:25097;23896:4967;711:25096;2793:131360;711:25082	Body 1	0	0	59	7	
20	I711:25097;23896:4967;711:25096;2793:131360;711:25081	text	I711:25097;23896:4967;711:25096;2793:131360;711:25083	Body 1	64.55134582519531	0	43	7	
19	I711:25097;23896:4967;711:25096;2793:131360;711:25076	instance	I711:25097;23896:4967;711:25096;2793:131360;711:25084	Spacing & Separator	0	28.93589210510254	198.71328735351562	4.161534786224365	
19	I711:25097;23896:4967;711:25096;2793:131360;711:25076	text	I711:25097;23896:4967;711:25096;2793:131360;711:25085	Body 1	0	33.09742736816406	198.8077392578125	6	
18	I711:25097;23896:4967;711:25096;2793:131360;711:25075	frame	I711:25097;23896:4967;711:25096;2793:131360;711:25086	Frame 3619	207.13470458984375	8.446014404296875	22.205398559570312	22.205398559570312	
19	I711:25097;23896:4967;711:25096;2793:131360;711:25086	ellipse	I711:25097;23896:4967;711:25096;2793:131360;711:25087	Ellipse 3	2.775675058364868	2.7756762504577637	16.654050827026367	16.654050827026367	
19	I711:25097;23896:4967;711:25096;2793:131360;711:25086	ellipse	I711:25097;23896:4967;711:25096;2793:131360;711:25088	Ellipse 3	2.775675058364868	2.7756762504577637	16.654050827026367	16.654050827026367	
19	I711:25097;23896:4967;711:25096;2793:131360;711:25086	text	I711:25097;23896:4967;711:25096;2793:131360;711:25089	name 1	6.245264053344727	7.980082988739014	10	7	
18	I711:25097;23896:4967;711:25096;2793:131360;711:25075	frame	I711:25097;23896:4967;711:25096;2793:131360;711:25090	Frame 3619	215.46176147460938	7.286147117614746	22.205398559570312	22.205398559570312	true
17	I711:25097;23896:4967;711:25096;2793:131360	instance	I711:25097;23896:4967;711:25096;2793:131360;711:25094	Scrollbar	234.1963348388672	23.593135833740234	3.4679458141326904	221.25494384765625	true
17	I711:25097;23896:4967;711:25096;2793:131360	instance	I711:25097;23896:4967;711:25096;2793:131360;711:25095	Spacing & Separator	0	266.3026123046875	237.55429077148438	11.097426414489746	
16	I711:25097;23896:4967;711:25096	instance	I711:25097;23896:4967;711:25096;2793:131491	⚙️ Empty	0	265.6446533203125	237.55429077148438	61.03584671020508	true
16	I711:25097;23896:4967;711:25096	instance	I711:25097;23896:4967;711:25096;5053:63505	Link	0	277.4000244140625	37.935890197753906	6	
12	711:24985	instance	711:25098	⚙️Accordion	0	362.4306335449219	266.2823486328125	26.437314987182617	
12	711:24985	instance	711:25099	⚙️Accordion	0	397.58660888671875	266.2823486328125	26.437314987182617	
12	711:24985	instance	711:25100	⚙️Accordion	0	432.7425842285156	266.2823486328125	26.437314987182617	
9	711:24976	instance	711:25101	MIS / Footer	0	701.4286499023438	403.9644775390625	17.6248779296875	
2	710:271	frame	710:342	Section-Done	0	1391	1440	466	
3	710:342	frame	710:343	done-left	32	117	672	168	
4	710:343	text	710:344	03	0	0	21	24	
4	710:343	text	710:345	Проверка решения	0	40	672	40	
4	710:343	text	710:346	Готовые макеты представили заказчикам и сотрудникам HR. Основные сценарии и структура профиля были приняты сразу, дальнейшие изменения носили преимущественно уточняющий характер.	0	96	672	72	
3	710:342	frame	711:27563	arch-right	736	0	672	402	
4	711:27563	frame	711:32086	Frame 81514035	24	24	624	354	
5	711:32086	instance	711:32174	⚙️Accordion	-12	-7	447.0459289550781	478.2989501953125	
6	711:32174	frame	I711:32174;1028:54957	Title Layout	14.637252807617188	14.637247085571289	417.77142333984375	15	
7	I711:32174;1028:54957	frame	I711:32174;1028:54976	Title Content	0	0	393.3760070800781	15	
8	I711:32174;1028:54976	instance	I711:32174;1028:55029	Outline / crossing-directions square	0	0	14.637247085571289	14.637247085571289	true
8	I711:32174;1028:54976	frame	I711:32174;1028:56363	Title Container	0	0	393.3760070800781	15	
9	I711:32174;1028:56363	text	I711:32174;1028:54958	Title	0	0	393.3760070800781	15	
9	I711:32174;1028:56363	text	I711:32174;1028:56372	Subtitle	0	17.0767879486084	414.72198486328125	11	true
9	I711:32174;1028:56363	frame	I711:32174;10929:18934	Summary Container	0	30.494264602661133	424.48016357421875	26.834951400756836	true
9	I711:32174;1028:56363	instance	I711:32174;1034:9469	Status	0	30.494264602661133	42.08208465576172	14.637247085571289	true
9	I711:32174;1028:56363	instance	I711:32174;1034:9470	⚙️ Tags	0	30.494264602661133	23.785526275634766	14.637247085571289	true
7	I711:32174;1028:54957	instance	I711:32174;1028:54959	Arrow Up	403.1341857910156	0.18137645721435547	14.637247085571289	14.637247085571289	
6	711:32174	frame	I711:32174;1028:54960	Content	14.637252807617188	29.63724708557129	417.77142333984375	434.0244445800781	
7	I711:32174;1028:54960	instance	I711:32174;1028:54961	Spacing & Separator	0	0	417.77142333984375	14.637247085571289	
7	I711:32174;1028:54960	slot	I711:32174;23896:4967	Slot_Content	0	14.637247085571289	417.77142333984375	419.38720703125	
8	I711:32174;23896:4967	instance	I711:32174;23896:4967;711:32173	подчиненные	0	0	406.14501953125	419.38720703125	
9	I711:32174;23896:4967;711:32173	slot	I711:32174;23896:4967;711:32173;2793:132448	Slot	0	0	406.14501953125	409.38720703125	
10	I711:32174;23896:4967;711:32173;2793:132448	frame	I711:32174;23896:4967;711:32173;2793:132448;711:32089	item	-0.0000762939453125	0	406.1451721191406	94.0881576538086	
11	I711:32174;23896:4967;711:32173;2793:132448;711:32089	instance	I711:32174;23896:4967;711:32173;2793:132448;711:32090	Avatar 1	0	0	33.20310592651367	33.20310592651367	
11	I711:32174;23896:4967;711:32173;2793:132448;711:32089	frame	I711:32174;23896:4967;711:32173;2793:132448;711:32091	right	40.318050384521484	0	365.8271484375	94.0881576538086	
12	I711:32174;23896:4967;711:32173;2793:132448;711:32091	instance	I711:32174;23896:4967;711:32173;2793:132448;711:32092	Status	0	0	51.71650314331055	14.743301391601562	
12	I711:32174;23896:4967;711:32173;2793:132448;711:32091	instance	I711:32174;23896:4967;711:32173;2793:132448;711:32093	Spacing & Separator	0	14.743301391601562	365.82708740234375	2.371650457382202	
12	I711:32174;23896:4967;711:32173;2793:132448;711:32091	text	I711:32174;23896:4967;711:32173;2793:132448;711:32094	name 1	0	17.114952087402344	365.8271484375	15	
12	I711:32174;23896:4967;711:32173;2793:132448;711:32091	instance	I711:32174;23896:4967;711:32173;2793:132448;711:32095	Spacing & Separator	0	32.114952087402344	365.82708740234375	2.371650457382202	
12	I711:32174;23896:4967;711:32173;2793:132448;711:32091	text	I711:32174;23896:4967;711:32173;2793:132448;711:32096	description	0	34.486602783203125	365.8271484375	10	
12	I711:32174;23896:4967;711:32173;2793:132448;711:32091	instance	I711:32174;23896:4967;711:32173;2793:132448;711:32097	Spacing & Separator	0	44.486602783203125	365.82708740234375	2.371650457382202	
12	I711:32174;23896:4967;711:32173;2793:132448;711:32091	text	I711:32174;23896:4967;711:32173;2793:132448;711:32098	Title	0	46.858253479003906	365.8271484375	10	
12	I711:32174;23896:4967;711:32173;2793:132448;711:32091	instance	I711:32174;23896:4967;711:32173;2793:132448;711:32099	Spacing & Separator	0	56.858253479003906	365.82708740234375	7.114951133728027	
12	I711:32174;23896:4967;711:32173;2793:132448;711:32091	frame	I711:32174;23896:4967;711:32173;2793:132448;711:32100	Frame 81514090	0	63.97320556640625	365.8271484375	12	
13	I711:32174;23896:4967;711:32173;2793:132448;711:32100	text	I711:32174;23896:4967;711:32173;2793:132448;711:32101	Title	0	0	365.8271484375	12	
12	I711:32174;23896:4967;711:32173;2793:132448;711:32091	instance	I711:32174;23896:4967;711:32173;2793:132448;711:32102	Spacing & Separator	0	75.97320556640625	365.82708740234375	7.114951133728027	
12	I711:32174;23896:4967;711:32173;2793:132448;711:32091	frame	I711:32174;23896:4967;711:32173;2793:132448;711:32103	Contact Info	0	83.0881576538086	365.8271484375	11	
13	I711:32174;23896:4967;711:32173;2793:132448;711:32103	frame	I711:32174;23896:4967;711:32173;2793:132448;711:32104	list item	0	0	128.95849609375	11	
14	I711:32174;23896:4967;711:32173;2793:132448;711:32104	instance	I711:32174;23896:4967;711:32173;2793:132448;711:32105	email	0	0.7566990852355957	9.486601829528809	9.486601829528809	
14	I711:32174;23896:4967;711:32173;2793:132448;711:32104	text	I711:32174;23896:4967;711:32173;2793:132448;711:32106	Title	11.85826587677002	-0.000002319648046977818	117.10025787353516	11	
13	I711:32174;23896:4967;711:32173;2793:132448;711:32103	frame	I711:32174;23896:4967;711:32173;2793:132448;711:32107	list item	136.07345581054688	-0.000002319648046977818	81.5254898071289	11	
14	I711:32174;23896:4967;711:32173;2793:132448;711:32107	instance	I711:32174;23896:4967;711:32173;2793:132448;711:32108	Smart phone	0	0.7566990852355957	9.486601829528809	9.486601829528809	
14	I711:32174;23896:4967;711:32173;2793:132448;711:32107	text	I711:32174;23896:4967;711:32173;2793:132448;711:32109	Title	11.858268737792969	-0.000002319648046977818	69.667236328125	11	
10	I711:32174;23896:4967;711:32173;2793:132448	instance	I711:32174;23896:4967;711:32173;2793:132448;711:32110	Spacing & Separator	0	94.0881576538086	406.1451416015625	18.973203659057617	
10	I711:32174;23896:4967;711:32173;2793:132448	frame	I711:32174;23896:4967;711:32173;2793:132448;711:32111	item	-0.0000762939453125	113.06136322021484	406.1451721191406	81.71650695800781	
11	I711:32174;23896:4967;711:32173;2793:132448;711:32111	instance	I711:32174;23896:4967;711:32173;2793:132448;711:32112	Avatar 1	0	0	33.20310592651367	33.20310592651367	
11	I711:32174;23896:4967;711:32173;2793:132448;711:32111	frame	I711:32174;23896:4967;711:32173;2793:132448;711:32113	right	40.318058013916016	-6.582704372704029e-7	365.8271484375	81.71650695800781	
12	I711:32174;23896:4967;711:32173;2793:132448;711:32113	instance	I711:32174;23896:4967;711:32173;2793:132448;711:32114	Status	0	0	101.71650695800781	14.743301391601562	
12	I711:32174;23896:4967;711:32173;2793:132448;711:32113	instance	I711:32174;23896:4967;711:32173;2793:132448;711:32115	Tooltip	-29.6455078125	-26.087890625	146.2299041748047	24.044078826904297	
12	I711:32174;23896:4967;711:32173;2793:132448;711:32113	instance	I711:32174;23896:4967;711:32173;2793:132448;711:32116	Spacing & Separator	0	14.743301391601562	365.82708740234375	2.371650457382202	
12	I711:32174;23896:4967;711:32173;2793:132448;711:32113	text	I711:32174;23896:4967;711:32173;2793:132448;711:32117	name 1	0	17.114952087402344	365.8271484375	15	
12	I711:32174;23896:4967;711:32173;2793:132448;711:32113	instance	I711:32174;23896:4967;711:32173;2793:132448;711:32118	Spacing & Separator	0	32.114952087402344	365.82708740234375	2.371650457382202	
12	I711:32174;23896:4967;711:32173;2793:132448;711:32113	text	I711:32174;23896:4967;711:32173;2793:132448;711:32119	description	0	34.486602783203125	365.8271484375	10	
12	I711:32174;23896:4967;711:32173;2793:132448;711:32113	instance	I711:32174;23896:4967;711:32173;2793:132448;711:32120	Spacing & Separator	0	44.486602783203125	365.82708740234375	7.114951133728027	
12	I711:32174;23896:4967;711:32173;2793:132448;711:32113	text	I711:32174;23896:4967;711:32173;2793:132448;711:32121	Title	0	51.60155487060547	365.8271484375	12	
12	I711:32174;23896:4967;711:32173;2793:132448;711:32113	instance	I711:32174;23896:4967;711:32173;2793:132448;711:32122	Spacing & Separator	0	63.60155487060547	365.82708740234375	7.114951133728027	
12	I711:32174;23896:4967;711:32173;2793:132448;711:32113	frame	I711:32174;23896:4967;711:32173;2793:132448;711:32123	Contact Info	0	70.71650695800781	365.8271484375	11	
13	I711:32174;23896:4967;711:32173;2793:132448;711:32123	frame	I711:32174;23896:4967;711:32173;2793:132448;711:32124	list item	0	0	128.95849609375	11	
14	I711:32174;23896:4967;711:32173;2793:132448;711:32124	instance	I711:32174;23896:4967;711:32173;2793:132448;711:32125	email	0	0.7566990852355957	9.486601829528809	9.486601829528809	
14	I711:32174;23896:4967;711:32173;2793:132448;711:32124	text	I711:32174;23896:4967;711:32173;2793:132448;711:32126	Title	11.858262062072754	-0.000009302180842496455	117.10025787353516	11	
13	I711:32174;23896:4967;711:32173;2793:132448;711:32123	frame	I711:32174;23896:4967;711:32173;2793:132448;711:32127	list item	136.07345581054688	-0.000009302180842496455	81.5254898071289	11	
14	I711:32174;23896:4967;711:32173;2793:132448;711:32127	instance	I711:32174;23896:4967;711:32173;2793:132448;711:32128	Smart phone	0	0.7566990852355957	9.486601829528809	9.486601829528809	
14	I711:32174;23896:4967;711:32173;2793:132448;711:32127	text	I711:32174;23896:4967;711:32173;2793:132448;711:32129	Title	11.858268737792969	0.000005956608220003545	69.667236328125	11	
10	I711:32174;23896:4967;711:32173;2793:132448	instance	I711:32174;23896:4967;711:32173;2793:132448;711:32130	Spacing & Separator	0	194.77786254882812	406.1451416015625	18.973203659057617	
10	I711:32174;23896:4967;711:32173;2793:132448	frame	I711:32174;23896:4967;711:32173;2793:132448;711:32131	item	-0.0000762939453125	213.75106811523438	406.1451721191406	81.71650695800781	
11	I711:32174;23896:4967;711:32173;2793:132448;711:32131	instance	I711:32174;23896:4967;711:32173;2793:132448;711:32132	Avatar 1	0	0	33.20310592651367	33.20310592651367	
11	I711:32174;23896:4967;711:32173;2793:132448;711:32131	frame	I711:32174;23896:4967;711:32173;2793:132448;711:32133	right	40.318058013916016	5.422043614089489e-8	365.8271484375	81.71650695800781	
12	I711:32174;23896:4967;711:32173;2793:132448;711:32133	instance	I711:32174;23896:4967;711:32173;2793:132448;711:32134	Status	0	0	43.22990417480469	14.743301391601562	
12	I711:32174;23896:4967;711:32173;2793:132448;711:32133	instance	I711:32174;23896:4967;711:32173;2793:132448;711:32135	Spacing & Separator	0	14.743301391601562	365.82708740234375	2.371650457382202	
12	I711:32174;23896:4967;711:32173;2793:132448;711:32133	text	I711:32174;23896:4967;711:32173;2793:132448;711:32136	name 1	0	17.114952087402344	365.8271484375	15	
12	I711:32174;23896:4967;711:32173;2793:132448;711:32133	instance	I711:32174;23896:4967;711:32173;2793:132448;711:32137	Spacing & Separator	0	32.114952087402344	365.82708740234375	2.371650457382202	
12	I711:32174;23896:4967;711:32173;2793:132448;711:32133	text	I711:32174;23896:4967;711:32173;2793:132448;711:32138	description	0	34.486602783203125	365.8271484375	10	
12	I711:32174;23896:4967;711:32173;2793:132448;711:32133	instance	I711:32174;23896:4967;711:32173;2793:132448;711:32139	Spacing & Separator	0	44.486602783203125	365.82708740234375	7.114951133728027	
12	I711:32174;23896:4967;711:32173;2793:132448;711:32133	text	I711:32174;23896:4967;711:32173;2793:132448;711:32140	Title	0	51.60155487060547	365.8271484375	12	
12	I711:32174;23896:4967;711:32173;2793:132448;711:32133	instance	I711:32174;23896:4967;711:32173;2793:132448;711:32141	Spacing & Separator	0	63.60155487060547	365.82708740234375	7.114951133728027	
12	I711:32174;23896:4967;711:32173;2793:132448;711:32133	frame	I711:32174;23896:4967;711:32173;2793:132448;711:32142	Contact Info	0	70.71650695800781	365.8271484375	11	
13	I711:32174;23896:4967;711:32173;2793:132448;711:32142	frame	I711:32174;23896:4967;711:32173;2793:132448;711:32143	list item	0	0	128.95849609375	11	
14	I711:32174;23896:4967;711:32173;2793:132448;711:32143	instance	I711:32174;23896:4967;711:32173;2793:132448;711:32144	email	0	0.7566990852355957	9.486601829528809	9.486601829528809	
14	I711:32174;23896:4967;711:32173;2793:132448;711:32143	text	I711:32174;23896:4967;711:32173;2793:132448;711:32145	Title	11.858262062072754	0.000037285120924934745	117.10025787353516	11	
13	I711:32174;23896:4967;711:32173;2793:132448;711:32142	frame	I711:32174;23896:4967;711:32173;2793:132448;711:32146	list item	136.07345581054688	0.000037285120924934745	81.5254898071289	11	
14	I711:32174;23896:4967;711:32173;2793:132448;711:32146	instance	I711:32174;23896:4967;711:32173;2793:132448;711:32147	Smart phone	0	0.7566990852355957	9.486601829528809	9.486601829528809	
14	I711:32174;23896:4967;711:32173;2793:132448;711:32146	text	I711:32174;23896:4967;711:32173;2793:132448;711:32148	Title	11.858268737792969	0.000006767542799934745	69.667236328125	11	
10	I711:32174;23896:4967;711:32173;2793:132448	instance	I711:32174;23896:4967;711:32173;2793:132448;711:32149	Spacing & Separator	0	295.46759033203125	406.1451416015625	18.973203659057617	
10	I711:32174;23896:4967;711:32173;2793:132448	frame	I711:32174;23896:4967;711:32173;2793:132448;711:32150	item	-0.0000762939453125	314.4407958984375	406.1451721191406	75.97320556640625	
11	I711:32174;23896:4967;711:32173;2793:132448;711:32150	instance	I711:32174;23896:4967;711:32173;2793:132448;711:32151	Avatar 1	0	0	33.20310592651367	33.20310592651367	
11	I711:32174;23896:4967;711:32173;2793:132448;711:32150	frame	I711:32174;23896:4967;711:32173;2793:132448;711:32152	right	40.318058013916016	-0.000014492077752947807	365.8271484375	75.97320556640625	
12	I711:32174;23896:4967;711:32173;2793:132448;711:32152	instance	I711:32174;23896:4967;711:32173;2793:132448;711:32153	Status	0	0	75.71650695800781	14.743301391601562	
12	I711:32174;23896:4967;711:32173;2793:132448;711:32152	instance	I711:32174;23896:4967;711:32173;2793:132448;711:32154	Tooltip	-33.20414733886719	-26.088041305541992	55.733787536621094	23.71650505065918	true
12	I711:32174;23896:4967;711:32173;2793:132448;711:32152	instance	I711:32174;23896:4967;711:32173;2793:132448;711:32155	Spacing & Separator	0	14.743301391601562	365.82708740234375	2.371650457382202	
12	I711:32174;23896:4967;711:32173;2793:132448;711:32152	text	I711:32174;23896:4967;711:32173;2793:132448;711:32156	name 1	0	17.114952087402344	365.8271484375	15	
12	I711:32174;23896:4967;711:32173;2793:132448;711:32152	instance	I711:32174;23896:4967;711:32173;2793:132448;711:32157	Spacing & Separator	0	32.114952087402344	365.82708740234375	2.371650457382202	
12	I711:32174;23896:4967;711:32173;2793:132448;711:32152	text	I711:32174;23896:4967;711:32173;2793:132448;711:32158	description	0	34.486602783203125	365.8271484375	10	
12	I711:32174;23896:4967;711:32173;2793:132448;711:32152	instance	I711:32174;23896:4967;711:32173;2793:132448;711:32159	Spacing & Separator	0	44.486602783203125	365.82708740234375	2.371650457382202	
12	I711:32174;23896:4967;711:32173;2793:132448;711:32152	text	I711:32174;23896:4967;711:32173;2793:132448;711:32160	Title	0	46.858253479003906	365.8271484375	10	
12	I711:32174;23896:4967;711:32173;2793:132448;711:32152	instance	I711:32174;23896:4967;711:32173;2793:132448;711:32161	Spacing & Separator	0	56.858253479003906	365.82708740234375	7.114951133728027	
12	I711:32174;23896:4967;711:32173;2793:132448;711:32152	frame	I711:32174;23896:4967;711:32173;2793:132448;711:32162	Frame 81514090	0	63.97320556640625	365.8271484375	12	
13	I711:32174;23896:4967;711:32173;2793:132448;711:32162	text	I711:32174;23896:4967;711:32173;2793:132448;711:32163	Title	0	0	365.8271484375	12	
12	I711:32174;23896:4967;711:32173;2793:132448;711:32152	instance	I711:32174;23896:4967;711:32173;2793:132448;711:32164	Spacing & Separator	-0.000005751233402406797	71.14949035644531	217.5989227294922	7.114951133728027	true
12	I711:32174;23896:4967;711:32173;2793:132448;711:32152	frame	I711:32174;23896:4967;711:32173;2793:132448;711:32165	Contact Info	-0.000005751233402406797	71.14949035644531	217.5989227294922	10.672429084777832	true
10	I711:32174;23896:4967;711:32173;2793:132448	instance	I711:32174;23896:4967;711:32173;2793:132448;711:32172	Spacing & Separator	0	390.41400146484375	406.1451416015625	18.973203659057617	
9	I711:32174;23896:4967;711:32173	instance	I711:32174;23896:4967;711:32173;2793:132567	⚙️ Empty	0	369.97747802734375	327.2877502441406	104.35262298583984	true
9	I711:32174;23896:4967;711:32173	instance	I711:32174;23896:4967;711:32173;5053:60794	Link	0	409.38720703125	64.8582534790039	10	
5	711:32086	instance	711:32177	⚙️Accordion	94.5869140625	38.955810546875	447.0458984375	383.76605224609375	
6	711:32177	frame	I711:32177;1028:54957	Title Layout	14.637252807617188	14.637247085571289	417.7713928222656	15	
7	I711:32177;1028:54957	frame	I711:32177;1028:54976	Title Content	0	0	393.3759765625	15	
8	I711:32177;1028:54976	instance	I711:32177;1028:55029	Outline / crossing-directions square	0	0	14.637247085571289	14.637247085571289	true
8	I711:32177;1028:54976	frame	I711:32177;1028:56363	Title Container	0	0	393.3759765625	15	
9	I711:32177;1028:56363	text	I711:32177;1028:54958	Title	0	0	393.3759765625	15	
9	I711:32177;1028:56363	text	I711:32177;1028:56372	Subtitle	0	17.0767879486084	414.72198486328125	11	true
9	I711:32177;1028:56363	frame	I711:32177;10929:18934	Summary Container	0	30.494264602661133	424.48016357421875	26.834951400756836	true
9	I711:32177;1028:56363	instance	I711:32177;1034:9469	Status	0	30.494264602661133	42.08208465576172	14.637247085571289	true
9	I711:32177;1028:56363	instance	I711:32177;1034:9470	⚙️ Tags	0	30.494264602661133	23.785526275634766	14.637247085571289	true
7	I711:32177;1028:54957	instance	I711:32177;1028:54959	Arrow Up	403.1341552734375	0.18137645721435547	14.637247085571289	14.637247085571289	
6	711:32177	frame	I711:32177;1028:54960	Content	14.637252807617188	29.63724708557129	417.7713928222656	339.4915771484375	
7	I711:32177;1028:54960	instance	I711:32177;1028:54961	Spacing & Separator	0	0	417.7713928222656	14.637247085571289	
7	I711:32177;1028:54960	slot	I711:32177;23896:4967	Slot_Content	0	14.637247085571289	417.7713928222656	324.8543395996094	
8	I711:32177;23896:4967	instance	I711:32177;23896:4967;711:32176	эффективность	0	0	412.2213134765625	324.8543395996094	
9	I711:32177;23896:4967;711:32176	slot	I711:32177;23896:4967;711:32176;10525:96419	Slot	0	0	412.2213439941406	324.8543395996094	
10	I711:32177;23896:4967;711:32176;10525:96419	text	I711:32177;23896:4967;711:32176;10525:91533	Матрица	0	0	412.2213439941406	15	
10	I711:32177;23896:4967;711:32176;10525:96419	instance	I711:32177;23896:4967;711:32176;10525:91535	Spacing & Separator	0	15	412.2213439941406	9.628527641296387	
10	I711:32177;23896:4967;711:32176;10525:96419	frame	I711:32177;23896:4967;711:32176;10525:91532	Table	0	24.628528594970703	412.2213439941406	118.77116394042969	
11	I711:32177;23896:4967;711:32176;10525:91532	frame	I711:32177;23896:4967;711:32176;10525:74916	th	0	0	412.2213439941406	24.442790985107422	
12	I711:32177;23896:4967;711:32176;10525:74916	instance	I711:32177;23896:4967;711:32176;10525:74917	Regular Table / Head	0	0	192.570556640625	24.442790985107422	
12	I711:32177;23896:4967;711:32176;10525:74916	instance	I711:32177;23896:4967;711:32176;10525:74918	Regular Table / Head	192.570556640625	0	54.912696838378906	24.442790985107422	
12	I711:32177;23896:4967;711:32176;10525:74916	instance	I711:32177;23896:4967;711:32176;10525:74919	Regular Table / Head	247.48324584960938	0	54.912696838378906	24.442790985107422	
12	I711:32177;23896:4967;711:32176;10525:74916	instance	I711:32177;23896:4967;711:32176;10525:74920	Regular Table / Head	302.39593505859375	0	54.912696838378906	24.442790985107422	
12	I711:32177;23896:4967;711:32176;10525:74916	instance	I711:32177;23896:4967;711:32176;10525:74921	Regular Table / Head	357.30865478515625	0	54.912696838378906	24.442790985107422	
11	I711:32177;23896:4967;711:32176;10525:91532	frame	I711:32177;23896:4967;711:32176;10525:74922	tr	0	24.442790985107422	412.2213439941406	27.442790985107422	
12	I711:32177;23896:4967;711:32176;10525:74922	instance	I711:32177;23896:4967;711:32176;10525:74923	Regular Table / Cell	0	0	192.570556640625	27.442790985107422	
12	I711:32177;23896:4967;711:32176;10525:74922	instance	I711:32177;23896:4967;711:32176;10525:74924	Regular Table / Cell	192.570556640625	0	54.912696838378906	27.442790985107422	
12	I711:32177;23896:4967;711:32176;10525:74922	instance	I711:32177;23896:4967;711:32176;10525:74925	Regular Table / Cell	247.48324584960938	0	54.912696838378906	27.442790985107422	
12	I711:32177;23896:4967;711:32176;10525:74922	instance	I711:32177;23896:4967;711:32176;10525:74926	Regular Table / Cell	302.39593505859375	0	54.912696838378906	27.442790985107422	
12	I711:32177;23896:4967;711:32176;10525:74922	instance	I711:32177;23896:4967;711:32176;10525:74927	Regular Table / Cell	357.30865478515625	0	54.912696838378906	27.442790985107422	
11	I711:32177;23896:4967;711:32176;10525:91532	frame	I711:32177;23896:4967;711:32176;10525:74928	tr	0	51.885581970214844	412.2213439941406	27.442790985107422	
12	I711:32177;23896:4967;711:32176;10525:74928	instance	I711:32177;23896:4967;711:32176;10525:74929	Regular Table / Cell	0	0	192.570556640625	27.442790985107422	
12	I711:32177;23896:4967;711:32176;10525:74928	instance	I711:32177;23896:4967;711:32176;10525:74930	Regular Table / Cell	192.570556640625	0	54.912696838378906	27.442790985107422	
12	I711:32177;23896:4967;711:32176;10525:74928	instance	I711:32177;23896:4967;711:32176;10525:74931	Regular Table / Cell	247.48324584960938	0	54.912696838378906	27.442790985107422	
12	I711:32177;23896:4967;711:32176;10525:74928	instance	I711:32177;23896:4967;711:32176;10525:74932	Regular Table / Cell	302.39593505859375	0	54.912696838378906	27.442790985107422	
12	I711:32177;23896:4967;711:32176;10525:74928	instance	I711:32177;23896:4967;711:32176;10525:74933	Regular Table / Cell	357.30865478515625	0	54.912696838378906	27.442790985107422	
11	I711:32177;23896:4967;711:32176;10525:91532	frame	I711:32177;23896:4967;711:32176;10525:74934	tr	0	79.328369140625	412.2213439941406	39.44279098510742	
12	I711:32177;23896:4967;711:32176;10525:74934	instance	I711:32177;23896:4967;711:32176;10525:74935	Regular Table / Cell	0	0	192.570556640625	39.44279098510742	
12	I711:32177;23896:4967;711:32176;10525:74934	instance	I711:32177;23896:4967;711:32176;10525:74936	Regular Table / Cell	192.570556640625	0	54.912696838378906	39.44279098510742	
12	I711:32177;23896:4967;711:32176;10525:74934	instance	I711:32177;23896:4967;711:32176;10525:74937	Regular Table / Cell	247.48324584960938	0	54.912696838378906	39.44279098510742	
12	I711:32177;23896:4967;711:32176;10525:74934	instance	I711:32177;23896:4967;711:32176;10525:74938	Regular Table / Cell	302.39593505859375	0	54.912696838378906	39.44279098510742	
12	I711:32177;23896:4967;711:32176;10525:74934	instance	I711:32177;23896:4967;711:32176;10525:74939	Regular Table / Cell	357.3086242675781	0	54.912696838378906	39.44279098510742	
10	I711:32177;23896:4967;711:32176;10525:96419	instance	I711:32177;23896:4967;711:32176;10525:91538	Spacing & Separator	0	143.39968872070312	412.2213439941406	14.442790985107422	
10	I711:32177;23896:4967;711:32176;10525:96419	text	I711:32177;23896:4967;711:32176;10525:91541	Эффективность по месяцам	0	157.8424835205078	412.2213439941406	15	
10	I711:32177;23896:4967;711:32176;10525:96419	instance	I711:32177;23896:4967;711:32176;10525:91542	Spacing & Separator	0	172.8424835205078	412.2213439941406	9.628527641296387	
10	I711:32177;23896:4967;711:32176;10525:96419	frame	I711:32177;23896:4967;711:32176;10525:95044	Frame 81514101	0	182.47100830078125	412.2213439941406	119.75481414794922	
11	I711:32177;23896:4967;711:32176;10525:95044	instance	I711:32177;23896:4967;711:32176;10525:95045	Grid	0	0	413.4248962402344	119.75481414794922	
11	I711:32177;23896:4967;711:32176;10525:95044	instance	I711:32177;23896:4967;711:32176;10525:95046	columnChart	69.395263671875	5.839531898498535	28.885581970214844	96.8870620727539	
11	I711:32177;23896:4967;711:32176;10525:95044	instance	I711:32177;23896:4967;711:32176;10541:67616	columnChart	151.2377471923828	32.3179817199707	28.885581970214844	70.40860748291016	
11	I711:32177;23896:4967;711:32176;10525:95044	instance	I711:32177;23896:4967;711:32176;10541:67659	columnChart	233.68202209472656	56.38930130004883	28.885581970214844	46.33728790283203	
11	I711:32177;23896:4967;711:32176;10525:95044	instance	I711:32177;23896:4967;711:32176;10541:67706	columnChart	316.7280578613281	15.468059539794922	28.885581970214844	87.25852966308594	
10	I711:32177;23896:4967;711:32176;10525:96419	instance	I711:32177;23896:4967;711:32176;10528:66229	Spacing & Separator	0	302.225830078125	412.2213439941406	9.628527641296387	
10	I711:32177;23896:4967;711:32176;10525:96419	frame	I711:32177;23896:4967;711:32176;10525:91544	Table	0	178.1277618408203	412.2213439941406	50.54977035522461	true
10	I711:32177;23896:4967;711:32176;10525:96419	text	I711:32177;23896:4967;711:32176;10528:65832	Перейти в матрицу	0	311.8543701171875	412.2213439941406	13	
5	711:32086	instance	711:32288	⚙️Accordion	215.9541015625	103.74658203125	447.0459289550781	534.6289672851562	
6	711:32288	frame	I711:32288;1028:54957	Title Layout	14.637252807617188	14.637247085571289	417.77142333984375	15	
7	I711:32288;1028:54957	frame	I711:32288;1028:54976	Title Content	0	0	393.3760070800781	15	
8	I711:32288;1028:54976	instance	I711:32288;1028:55029	Outline / crossing-directions square	0	0	14.637247085571289	14.637247085571289	true
8	I711:32288;1028:54976	frame	I711:32288;1028:56363	Title Container	0	0	393.3760070800781	15	
9	I711:32288;1028:56363	text	I711:32288;1028:54958	Title	0	0	393.3760070800781	15	
9	I711:32288;1028:56363	text	I711:32288;1028:56372	Subtitle	0	17.0767879486084	414.72198486328125	11	true
9	I711:32288;1028:56363	frame	I711:32288;10929:18934	Summary Container	0	30.494264602661133	424.48016357421875	26.834951400756836	true
9	I711:32288;1028:56363	instance	I711:32288;1034:9469	Status	0	30.494264602661133	42.08208465576172	14.637247085571289	true
9	I711:32288;1028:56363	instance	I711:32288;1034:9470	⚙️ Tags	0	30.494264602661133	23.785526275634766	14.637247085571289	true
7	I711:32288;1028:54957	instance	I711:32288;1028:54959	Arrow Up	403.1341857910156	0.18137645721435547	14.637247085571289	14.637247085571289	
6	711:32288	frame	I711:32288;1028:54960	Content	14.637252807617188	29.63724708557129	417.77142333984375	490.3544921875	
7	I711:32288;1028:54960	instance	I711:32288;1028:54961	Spacing & Separator	0	0	417.77142333984375	14.637247085571289	
7	I711:32288;1028:54960	slot	I711:32288;23896:4967	Slot_Content	0	14.637247085571289	417.77142333984375	475.7172546386719	
8	I711:32288;23896:4967	instance	I711:32288;23896:4967;711:32287	проекты	0	0	407.5699462890625	475.7172546386719	
9	I711:32288;23896:4967;711:32287	slot	I711:32288;23896:4967;711:32287;2793:131360	Slot	0	0	407.57000732421875	465.7172546386719	
10	I711:32288;23896:4967;711:32287;2793:131360	frame	I711:32288;23896:4967;711:32287;2793:131360;711:32180	Frame 81514008	0	0	407.5699768066406	31.039766311645508	
11	I711:32288;23896:4967;711:32287;2793:131360;711:32180	text	I711:32288;23896:4967;711:32287;2793:131360;711:32181	Все: 23	14.279825210571289	9.519883155822754	33	12	
11	I711:32288;23896:4967;711:32287;2793:131360;711:32180	instance	I711:32288;23896:4967;711:32287;2793:131360;711:32182	⚙️ Switch	61.55964660644531	9.519883155822754	109.47868347167969	12	
10	I711:32288;23896:4967;711:32287;2793:131360	instance	I711:32288;23896:4967;711:32287;2793:131360;711:32183	Spacing & Separator	0	31.039766311645508	407.57000732421875	14.279825210571289	
10	I711:32288;23896:4967;711:32287;2793:131360	frame	I711:32288;23896:4967;711:32287;2793:131360;711:32184	item	0	45.3195915222168	407.5699768066406	65.03976440429688	
11	I711:32288;23896:4967;711:32287;2793:131360;711:32184	frame	I711:32288;23896:4967;711:32287;2793:131360;711:32185	Frame 81514036	0	0	340.9308776855469	65.03976440429688	
12	I711:32288;23896:4967;711:32287;2793:131360;711:32185	instance	I711:32288;23896:4967;711:32287;2793:131360;711:32186	Status	0	0	53.279823303222656	14.759941101074219	
12	I711:32288;23896:4967;711:32287;2793:131360;711:32185	instance	I711:32288;23896:4967;711:32287;2793:131360;711:32187	Spacing & Separator	0	14.759941101074219	340.9308166503906	4.759941577911377	
12	I711:32288;23896:4967;711:32287;2793:131360;711:32185	text	I711:32288;23896:4967;711:32287;2793:131360;711:32188	name 1	0	19.519882202148438	340.9308776855469	15	
12	I711:32288;23896:4967;711:32287;2793:131360;711:32185	instance	I711:32288;23896:4967;711:32287;2793:131360;711:32189	Spacing & Separator	0	34.51988220214844	340.9308166503906	2.3799707889556885	
12	I711:32288;23896:4967;711:32287;2793:131360;711:32185	frame	I711:32288;23896:4967;711:32287;2793:131360;711:32190	Frame 81514035	0	36.89985275268555	340.9308776855469	11	
13	I711:32288;23896:4967;711:32287;2793:131360;711:32190	text	I711:32288;23896:4967;711:32287;2793:131360;711:32191	Body 1	0	0	101	11	
13	I711:32288;23896:4967;711:32287;2793:131360;711:32190	text	I711:32288;23896:4967;711:32287;2793:131360;711:32192	Body 1	110.51988220214844	0	74	11	
12	I711:32288;23896:4967;711:32287;2793:131360;711:32185	instance	I711:32288;23896:4967;711:32287;2793:131360;711:32193	Spacing & Separator	0	47.89985275268555	340.9308166503906	7.1399126052856445	
12	I711:32288;23896:4967;711:32287;2793:131360;711:32185	text	I711:32288;23896:4967;711:32287;2793:131360;711:32194	Body 1	0	55.039764404296875	340.9308776855469	10	
11	I711:32288;23896:4967;711:32287;2793:131360;711:32184	frame	I711:32288;23896:4967;711:32287;2793:131360;711:32195	Frame 3619	355.2106018066406	13.48011589050293	38.079532623291016	38.079532623291016	
12	I711:32288;23896:4967;711:32287;2793:131360;711:32195	ellipse	I711:32288;23896:4967;711:32287;2793:131360;711:32196	Ellipse 3	4.7599992752075195	4.759948253631592	28.559650421142578	28.559650421142578	
12	I711:32288;23896:4967;711:32287;2793:131360;711:32195	ellipse	I711:32288;23896:4967;711:32287;2793:131360;711:32197	Ellipse 3	4.7599992752075195	4.759948253631592	28.559650421142578	28.559650421142578	
12	I711:32288;23896:4967;711:32287;2793:131360;711:32195	text	I711:32288;23896:4967;711:32287;2793:131360;711:32198	name 1	7.735029697418213	13.089834213256836	22	11	
11	I711:32288;23896:4967;711:32287;2793:131360;711:32184	frame	I711:32288;23896:4967;711:32287;2793:131360;711:32199	Frame 3619	369.490478515625	12.494839668273926	38.079532623291016	38.079532623291016	true
10	I711:32288;23896:4967;711:32287;2793:131360	instance	I711:32288;23896:4967;711:32287;2793:131360;711:32203	Spacing & Separator	0	110.35935974121094	407.57000732421875	19.039766311645508	
10	I711:32288;23896:4967;711:32287;2793:131360	frame	I711:32288;23896:4967;711:32287;2793:131360;711:32204	item	0	129.3991241455078	407.5699768066406	65.03976440429688	
11	I711:32288;23896:4967;711:32287;2793:131360;711:32204	frame	I711:32288;23896:4967;711:32287;2793:131360;711:32205	Frame 81514036	0	0	340.9308776855469	65.03976440429688	
12	I711:32288;23896:4967;711:32287;2793:131360;711:32205	instance	I711:32288;23896:4967;711:32287;2793:131360;711:32206	Status	0	0	48.279823303222656	14.759941101074219	
12	I711:32288;23896:4967;711:32287;2793:131360;711:32205	instance	I711:32288;23896:4967;711:32287;2793:131360;711:32207	Spacing & Separator	0	14.759941101074219	340.9308166503906	4.759941577911377	
12	I711:32288;23896:4967;711:32287;2793:131360;711:32205	text	I711:32288;23896:4967;711:32287;2793:131360;711:32208	name 1	0	19.519882202148438	340.9308776855469	15	
12	I711:32288;23896:4967;711:32287;2793:131360;711:32205	instance	I711:32288;23896:4967;711:32287;2793:131360;711:32209	Spacing & Separator	0	34.51988220214844	340.9308166503906	2.3799707889556885	
12	I711:32288;23896:4967;711:32287;2793:131360;711:32205	frame	I711:32288;23896:4967;711:32287;2793:131360;711:32210	Frame 81514035	0	36.89985275268555	340.9308776855469	11	
13	I711:32288;23896:4967;711:32287;2793:131360;711:32210	text	I711:32288;23896:4967;711:32287;2793:131360;711:32211	Body 1	0	0	101	11	
13	I711:32288;23896:4967;711:32287;2793:131360;711:32210	frame	I711:32288;23896:4967;711:32287;2793:131360;711:32212	Frame 81514073	110.51988220214844	0	62.89985275268555	10	
14	I711:32288;23896:4967;711:32287;2793:131360;711:32212	text	I711:32288;23896:4967;711:32287;2793:131360;711:32213	Body 1	0	0	51	11	true
14	I711:32288;23896:4967;711:32287;2793:131360;711:32212	instance	I711:32288;23896:4967;711:32287;2793:131360;711:32214	Link	0	0	62.89985275268555	10	
12	I711:32288;23896:4967;711:32287;2793:131360;711:32205	instance	I711:32288;23896:4967;711:32287;2793:131360;711:32215	Spacing & Separator	0	47.89985275268555	340.9308166503906	7.1399126052856445	
12	I711:32288;23896:4967;711:32287;2793:131360;711:32205	text	I711:32288;23896:4967;711:32287;2793:131360;711:32216	Body 1	0	55.039764404296875	340.9308776855469	10	
11	I711:32288;23896:4967;711:32287;2793:131360;711:32204	frame	I711:32288;23896:4967;711:32287;2793:131360;711:32217	Frame 3619	355.2106018066406	13.48011589050293	38.079532623291016	38.079532623291016	
12	I711:32288;23896:4967;711:32287;2793:131360;711:32217	ellipse	I711:32288;23896:4967;711:32287;2793:131360;711:32218	Ellipse 3	4.7599992752075195	4.759921073913574	28.559650421142578	28.559650421142578	
12	I711:32288;23896:4967;711:32287;2793:131360;711:32217	ellipse	I711:32288;23896:4967;711:32287;2793:131360;711:32219	Ellipse 3	4.7599992752075195	4.759921073913574	28.559650421142578	28.559650421142578	
12	I711:32288;23896:4967;711:32287;2793:131360;711:32217	text	I711:32288;23896:4967;711:32287;2793:131360;711:32220	name 1	10.70981502532959	13.684828758239746	17	11	
11	I711:32288;23896:4967;711:32287;2793:131360;711:32204	frame	I711:32288;23896:4967;711:32287;2793:131360;711:32221	Frame 3619	369.490478515625	12.494834899902344	38.079532623291016	38.079532623291016	true
10	I711:32288;23896:4967;711:32287;2793:131360	instance	I711:32288;23896:4967;711:32287;2793:131360;711:32225	Spacing & Separator	0	194.4388885498047	407.57000732421875	19.039766311645508	
10	I711:32288;23896:4967;711:32287;2793:131360	frame	I711:32288;23896:4967;711:32287;2793:131360;711:32226	item	0	213.47865295410156	407.5699768066406	65.03976440429688	
11	I711:32288;23896:4967;711:32287;2793:131360;711:32226	frame	I711:32288;23896:4967;711:32287;2793:131360;711:32227	Frame 81514036	0	0	340.9308776855469	65.03976440429688	
12	I711:32288;23896:4967;711:32287;2793:131360;711:32227	instance	I711:32288;23896:4967;711:32287;2793:131360;711:32228	Status	0	0	66.27982330322266	14.759941101074219	
12	I711:32288;23896:4967;711:32287;2793:131360;711:32227	instance	I711:32288;23896:4967;711:32287;2793:131360;711:32229	Spacing & Separator	0	14.759941101074219	340.9308166503906	4.759941577911377	
12	I711:32288;23896:4967;711:32287;2793:131360;711:32227	text	I711:32288;23896:4967;711:32287;2793:131360;711:32230	name 1	0	19.519882202148438	340.9308776855469	15	
12	I711:32288;23896:4967;711:32287;2793:131360;711:32227	instance	I711:32288;23896:4967;711:32287;2793:131360;711:32231	Spacing & Separator	0	34.51988220214844	340.9308166503906	2.3799707889556885	
12	I711:32288;23896:4967;711:32287;2793:131360;711:32227	frame	I711:32288;23896:4967;711:32287;2793:131360;711:32232	Frame 81514035	0	36.89985275268555	340.9308776855469	11	
13	I711:32288;23896:4967;711:32287;2793:131360;711:32232	text	I711:32288;23896:4967;711:32287;2793:131360;711:32233	Body 1	0	0	101	11	
13	I711:32288;23896:4967;711:32287;2793:131360;711:32232	text	I711:32288;23896:4967;711:32287;2793:131360;711:32234	Body 1	110.51988220214844	0	35	11	
12	I711:32288;23896:4967;711:32287;2793:131360;711:32227	instance	I711:32288;23896:4967;711:32287;2793:131360;711:32235	Spacing & Separator	0	47.89985275268555	340.9308166503906	7.1399126052856445	
12	I711:32288;23896:4967;711:32287;2793:131360;711:32227	text	I711:32288;23896:4967;711:32287;2793:131360;711:32236	Body 1	0	55.039764404296875	340.9308776855469	10	
11	I711:32288;23896:4967;711:32287;2793:131360;711:32226	frame	I711:32288;23896:4967;711:32287;2793:131360;711:32237	Frame 3619	355.2106018066406	13.48011589050293	38.079532623291016	38.079532623291016	
12	I711:32288;23896:4967;711:32287;2793:131360;711:32237	ellipse	I711:32288;23896:4967;711:32287;2793:131360;711:32238	Ellipse 3	4.7599992752075195	4.759950637817383	28.559650421142578	28.559650421142578	
12	I711:32288;23896:4967;711:32287;2793:131360;711:32237	ellipse	I711:32288;23896:4967;711:32287;2793:131360;711:32239	Ellipse 3	4.7599992752075195	4.759950637817383	28.559650421142578	28.559650421142578	true
12	I711:32288;23896:4967;711:32287;2793:131360;711:32237	text	I711:32288;23896:4967;711:32287;2793:131360;711:32240	name 1	13.08987045288086	13.684843063354492	12	11	
11	I711:32288;23896:4967;711:32287;2793:131360;711:32226	frame	I711:32288;23896:4967;711:32287;2793:131360;711:32241	Frame 3619	369.490478515625	12.494879722595215	38.079532623291016	38.079532623291016	true
10	I711:32288;23896:4967;711:32287;2793:131360	instance	I711:32288;23896:4967;711:32287;2793:131360;711:32245	Spacing & Separator	0	278.5184326171875	407.57000732421875	19.039766311645508	
10	I711:32288;23896:4967;711:32287;2793:131360	frame	I711:32288;23896:4967;711:32287;2793:131360;711:32246	item	0	297.5581970214844	407.5699768066406	65.03976440429688	
11	I711:32288;23896:4967;711:32287;2793:131360;711:32246	frame	I711:32288;23896:4967;711:32287;2793:131360;711:32247	Frame 81514036	0	0	340.9308776855469	65.03976440429688	
12	I711:32288;23896:4967;711:32287;2793:131360;711:32247	instance	I711:32288;23896:4967;711:32287;2793:131360;711:32248	Status	0	0	66.27982330322266	14.759941101074219	
12	I711:32288;23896:4967;711:32287;2793:131360;711:32247	instance	I711:32288;23896:4967;711:32287;2793:131360;711:32249	Spacing & Separator	0	14.759941101074219	340.9308166503906	4.759941577911377	
12	I711:32288;23896:4967;711:32287;2793:131360;711:32247	text	I711:32288;23896:4967;711:32287;2793:131360;711:32250	name 1	0	19.519882202148438	340.9308776855469	15	
12	I711:32288;23896:4967;711:32287;2793:131360;711:32247	instance	I711:32288;23896:4967;711:32287;2793:131360;711:32251	Spacing & Separator	0	34.51988220214844	340.9308166503906	2.3799707889556885	
12	I711:32288;23896:4967;711:32287;2793:131360;711:32247	frame	I711:32288;23896:4967;711:32287;2793:131360;711:32252	Frame 81514035	0	36.89985275268555	340.9308776855469	11	
13	I711:32288;23896:4967;711:32287;2793:131360;711:32252	text	I711:32288;23896:4967;711:32287;2793:131360;711:32253	Body 1	0	0	101	11	
13	I711:32288;23896:4967;711:32287;2793:131360;711:32252	text	I711:32288;23896:4967;711:32287;2793:131360;711:32254	Body 1	110.51988220214844	0	74	11	
12	I711:32288;23896:4967;711:32287;2793:131360;711:32247	instance	I711:32288;23896:4967;711:32287;2793:131360;711:32255	Spacing & Separator	0	47.89985275268555	340.9308166503906	7.1399126052856445	
12	I711:32288;23896:4967;711:32287;2793:131360;711:32247	text	I711:32288;23896:4967;711:32287;2793:131360;711:32256	Body 1	0	55.039764404296875	340.9308776855469	10	
11	I711:32288;23896:4967;711:32287;2793:131360;711:32246	frame	I711:32288;23896:4967;711:32287;2793:131360;711:32257	Frame 3619	355.2106018066406	13.48011589050293	38.079532623291016	38.079532623291016	
12	I711:32288;23896:4967;711:32287;2793:131360;711:32257	ellipse	I711:32288;23896:4967;711:32287;2793:131360;711:32258	Ellipse 3	4.7599992752075195	4.759904384613037	28.559650421142578	28.559650421142578	
12	I711:32288;23896:4967;711:32287;2793:131360;711:32257	ellipse	I711:32288;23896:4967;711:32287;2793:131360;711:32259	Ellipse 3	4.7599992752075195	4.759904384613037	28.559650421142578	28.559650421142578	
12	I711:32288;23896:4967;711:32287;2793:131360;711:32257	text	I711:32288;23896:4967;711:32287;2793:131360;711:32260	name 1	10.70981502532959	13.684842109680176	17	11	
11	I711:32288;23896:4967;711:32287;2793:131360;711:32246	frame	I711:32288;23896:4967;711:32287;2793:131360;711:32261	Frame 3619	369.490478515625	12.494879722595215	38.079532623291016	38.079532623291016	true
10	I711:32288;23896:4967;711:32287;2793:131360	instance	I711:32288;23896:4967;711:32287;2793:131360;711:32265	Spacing & Separator	0	362.59796142578125	407.57000732421875	19.039766311645508	
10	I711:32288;23896:4967;711:32287;2793:131360	frame	I711:32288;23896:4967;711:32287;2793:131360;711:32266	item	0	381.6377258300781	407.5699768066406	65.03976440429688	
11	I711:32288;23896:4967;711:32287;2793:131360;711:32266	frame	I711:32288;23896:4967;711:32287;2793:131360;711:32267	Frame 81514036	0	0	340.9308776855469	65.03976440429688	
12	I711:32288;23896:4967;711:32287;2793:131360;711:32267	instance	I711:32288;23896:4967;711:32287;2793:131360;711:32268	Status	0	0	66.27982330322266	14.759941101074219	
12	I711:32288;23896:4967;711:32287;2793:131360;711:32267	instance	I711:32288;23896:4967;711:32287;2793:131360;711:32269	Spacing & Separator	0	14.759941101074219	340.9308166503906	4.759941577911377	
12	I711:32288;23896:4967;711:32287;2793:131360;711:32267	text	I711:32288;23896:4967;711:32287;2793:131360;711:32270	name 1	0	19.519882202148438	340.9308776855469	15	
12	I711:32288;23896:4967;711:32287;2793:131360;711:32267	instance	I711:32288;23896:4967;711:32287;2793:131360;711:32271	Spacing & Separator	0	34.51988220214844	340.9308166503906	2.3799707889556885	
12	I711:32288;23896:4967;711:32287;2793:131360;711:32267	frame	I711:32288;23896:4967;711:32287;2793:131360;711:32272	Frame 81514035	0	36.89985275268555	340.9308776855469	11	
13	I711:32288;23896:4967;711:32287;2793:131360;711:32272	text	I711:32288;23896:4967;711:32287;2793:131360;711:32273	Body 1	0	0	101	11	
13	I711:32288;23896:4967;711:32287;2793:131360;711:32272	text	I711:32288;23896:4967;711:32287;2793:131360;711:32274	Body 1	110.51988220214844	0	74	11	
12	I711:32288;23896:4967;711:32287;2793:131360;711:32267	instance	I711:32288;23896:4967;711:32287;2793:131360;711:32275	Spacing & Separator	0	47.89985275268555	340.9308166503906	7.1399126052856445	
12	I711:32288;23896:4967;711:32287;2793:131360;711:32267	text	I711:32288;23896:4967;711:32287;2793:131360;711:32276	Body 1	0	55.039764404296875	340.9308776855469	10	
11	I711:32288;23896:4967;711:32287;2793:131360;711:32266	frame	I711:32288;23896:4967;711:32287;2793:131360;711:32277	Frame 3619	355.2106018066406	13.48011589050293	38.079532623291016	38.079532623291016	
12	I711:32288;23896:4967;711:32287;2793:131360;711:32277	ellipse	I711:32288;23896:4967;711:32287;2793:131360;711:32278	Ellipse 3	4.7599992752075195	4.759964942932129	28.559650421142578	28.559650421142578	
12	I711:32288;23896:4967;711:32287;2793:131360;711:32277	ellipse	I711:32288;23896:4967;711:32287;2793:131360;711:32279	Ellipse 3	4.7599992752075195	4.759964942932129	28.559650421142578	28.559650421142578	
12	I711:32288;23896:4967;711:32287;2793:131360;711:32277	text	I711:32288;23896:4967;711:32287;2793:131360;711:32280	name 1	10.70981502532959	13.684842109680176	17	11	
11	I711:32288;23896:4967;711:32287;2793:131360;711:32266	frame	I711:32288;23896:4967;711:32287;2793:131360;711:32281	Frame 3619	369.490478515625	12.494787216186523	38.079532623291016	38.079532623291016	true
10	I711:32288;23896:4967;711:32287;2793:131360	instance	I711:32288;23896:4967;711:32287;2793:131360;711:32285	Scrollbar	401.62109375	40.459327697753906	5.949926853179932	379.6053466796875	true
10	I711:32288;23896:4967;711:32287;2793:131360	instance	I711:32288;23896:4967;711:32287;2793:131360;711:32286	Spacing & Separator	0	446.677490234375	407.57000732421875	19.039766311645508	
9	I711:32288;23896:4967;711:32287	instance	I711:32288;23896:4967;711:32287;2793:131491	⚙️ Empty	0	455.764404296875	407.57000732421875	104.71871185302734	true
9	I711:32288;23896:4967;711:32287	instance	I711:32288;23896:4967;711:32287;5053:63505	Link	0	465.7172546386719	64.89985656738281	10	
2	710:271	frame	710:382	Section-Product	0	1857	1440	440	
3	710:382	frame	710:383	done-left	32	104	672	168	
4	710:383	text	710:384	04	0	0	21	24	
4	710:383	text	710:385	Состояния профиля	0	40	672	40	
4	710:383	text	710:386	Профиль проектировался не как статичная карточка сотрудника, а как рабочий интерфейс с различными состояниями. В зависимости от ситуации пользователь получает дополнительную информацию и соответствующие действия.	0	96	672	72	
3	710:382	frame	710:387	arch-right	736	0	672	376	
4	710:387	frame	711:27683	Frame 81514034	24	24	624	328	
5	711:27683	frame	711:27685	big-status	54	0	516.9999389648438	327.9892272949219	
6	711:27685	instance	711:27686	status	0	0	516.9999389648438	77.82794952392578	
6	711:27685	instance	711:27687	status	0	83.3870849609375	516.9999389648438	77.82794952392578	
6	711:27685	instance	711:27688	status	0	166.774169921875	516.9999389648438	77.82794952392578	
6	711:27685	instance	711:27690	status	0	250.1612548828125	516.9999389648438	77.82794952392578	
2	710:271	frame	711:32729	Section-Done	0	2297	1440	534.1564331054688	
3	711:32729	frame	711:32730	done-left	32	139.07821655273438	672	192	
4	711:32730	text	711:32731	05	0	0	20	24	
4	711:32730	text	711:32732	Рабочие сценарии	0	40	672	40	
4	711:32730	text	711:32733	В профиль добавили реальные сценарии сотрудников: назначения в подразделения, отсутствие, адаптацию, достижения и обратную связь. Интерфейс показывает важную информацию в контексте сотрудника и помогает руководителям быстрее ориентироваться в его текущем статусе.	0	96	672	96	
3	711:32729	frame	711:32734	arch-right	736	0	672	470.15643310546875	
4	711:32734	rounded-rectangle	731:33615	Frame 81514032 2	24	24	624	422.15643310546875	
2	710:271	frame	731:33617	Section-Done	0	2831.156494140625	1440	424	
3	731:33617	frame	731:33618	done-left	32	96	672	168	
4	731:33618	text	731:33619	06	0	0	21	24	
4	731:33618	text	731:33620	Интеграции	0	40	672	40	
4	731:33618	text	731:33621	Кабинет стал единой точкой доступа к данным сотрудника и связанным рабочим сервисам. Часть данных поступает из 1С, а профиль используется как единый интерфейс для работы с кадровыми и внутренними сервисами.	0	96	672	72	
3	731:33617	frame	731:33622	arch-right	736	0	672	360	
4	731:33622	rounded-rectangle	734:33776	ChatGPT Image 28 сент. 2026 г., 15_38_51 1	24	24	624	312	
2	710:271	frame	710:389	row	0	3255.156494140625	1440	304	
3	710:389	frame	710:390	about	32	0	437.3333435058594	272	
4	710:390	frame	710:391	Title	0	0	437.3333435058594	48	
5	710:391	text	710:392	Обо мне	0	0	437.3333435058594	48	
4	710:390	frame	710:393	Frame 51	0	72	437.3333435058594	200	
5	710:393	text	710:394	Продуктовый дизайнер с 20+ годами в digital и опытом создания сложных B2B/B2C-продуктов и дизайн-систем. Проектирую интерфейсы, выстраиваю процессы и помогаю командам доводить решения до продакшена.	24	24	389.3333435058594	120	
5	710:393	text	710:395	Скачать CV · PDF	24	152	128	24	
3	710:389	frame	710:396	Frame 53	501.3333435058594	0	437.33331298828125	272	
4	710:396	frame	710:397	Title	0	0	437.33331298828125	48	
5	710:397	text	710:398	Компетенции	0	0	437.33331298828125	48	
4	710:396	frame	710:399	Frame 51	0	72	437.33331298828125	200	
5	710:399	frame	710:400	Frame 27	24	24	126	34	
6	710:400	text	710:401	Product Design	17	9	92	16	
5	710:399	frame	710:402	Frame 28	158	24	131	34	
6	710:402	text	710:403	Design Systems	17	9	97	16	
5	710:399	frame	710:404	Frame 29	297	24	70	34	
6	710:404	text	710:405	UX/UI	17	9	36	16	
5	710:399	frame	710:406	Frame 30	24	66	145	34	
6	710:406	text	710:407	Complex Products	17	9	111	16	
5	710:399	frame	710:408	Frame 31	177	66	146	34	
6	710:408	text	710:409	Design Leadership	17	9	112	16	
5	710:399	frame	710:410	Frame 32	24	108	91	34	
6	710:410	text	710:411	Research	17	9	57	16	
3	710:389	frame	710:412	Frame 54	970.6666259765625	0	437.33331298828125	272	
4	710:412	frame	710:413	Title	0	0	437.33331298828125	48	
5	710:413	text	710:414	Контакты	0	0	437.33331298828125	48	
4	710:412	frame	710:415	Frame 51	0	72	437.33331298828125	200	
5	710:415	frame	710:416	Frame 57	24	24	165	104	
6	710:416	frame	710:417	Frame 55	0	0	165	24	
7	710:417	frame	710:418	envelope-solid-full 1	0	0	24	24	
7	710:417	text	710:420	dopler@lineband.ru	32	0	133	24	
6	710:416	frame	710:421	Frame 56	0	40	165	24	
7	710:421	frame	710:422	telegram-brands-solid-full 1	0	0	24	24	
7	710:421	text	710:424	@Dmitry_Druzhkov	32	0	131	24	
6	710:416	frame	710:425	Frame 57	0	80	165	24	
7	710:425	frame	710:426	phone-solid-full 1	0	0	24	24	
7	710:425	text	710:428	+7 903 762 45 74	32	0	119	24	